F54,F55,F64,F67,F101,F102,F105,F108,F94,F20,F79,F111,F113,F116,F117,F118,F110,F115,F61,F88,F45,F36,F131,F37,F136,F71-shalin@apache.org,F71-rmuir@apache.org,F71-markrmiller@apache.org,F73,category
org/apache/lucene/analysis/ar,org/apache/lucene/analysis/ar/ArabicStemmer.java,202,1,0.36666666666666664,75,1.0,1,4,MS_PKGPROTECT,0,9.74184120798831E-4,0.0,0.0,0.25806451612903225,0.015955601803676726,-0.3548387096774194,1.0,9,2353,17,0,0.07754649785360097,0,534,0,1,0,25862,close
org/apache/lucene/analysis/ar,org/apache/lucene/analysis/ar/ArabicStemmer.java,202,1,0.4533333333333333,75,1.0,1,4,MS_PKGPROTECT,0,9.74184120798831E-4,0.0,0.0,0.25806451612903225,0.015955601803676726,-0.3548387096774194,1.0,9,2353,17,0,0.07754649785360097,0,534,0,1,0,25862,close
org/apache/lucene/analysis/cn/smart,org/apache/lucene/analysis/cn/smart/AnalyzerProfile.java,141,1,0.43956043956043955,51,1.0,1,11,MS_CANNOT_BE_FINAL,0,0.002679006332196785,0.0,0.0,0.6666666666666666,0.01851851851851852,0.3333333333333333,0.0,17,2147,33,0,0.04423371779483079,0,741,0,1,0,25862,close
org/apache/lucene/analysis/cn/smart/hhmm,org/apache/lucene/analysis/cn/smart/hhmm/SegToken.java,729,1,0.5702479338842975,55,0.2857142857142857,1,18,EI_EXPOSE_REP2,1,0.00438382854359474,2.4354603019970775E-4,1.0,0.16304347826086957,0.011371691871455576,-0.6086956521739131,1.0,17,2147,18,0,0.03238382648304762,0,2742,0,1,0,25862,close
org/apache/lucene/analysis/compound/hyphenation,org/apache/lucene/analysis/compound/hyphenation/ByteVector.java,146,1,0.6129032258064516,66,0.6666666666666666,1,16,EI_EXPOSE_REP,1,0.003896736483195324,2.4354603019970775E-4,1.0,0.23728813559322035,0.015081873024992818,-0.4745762711864407,1.0,7,2510,20,0,0.011536791284564786,0,2728,0,1,0,25862,close
org/apache/lucene/analysis/compound/hyphenation,org/apache/lucene/analysis/compound/hyphenation/ByteVector.java,146,1,0.49193548387096775,66,0.6,1,16,EI_EXPOSE_REP2,2,0.003896736483195324,4.870920603994155E-4,1.0,0.16304347826086957,0.011371691871455576,-0.6086956521739131,1.0,7,2510,20,0,0.011536791284564786,0,2728,0,1,0,25862,close
org/apache/lucene/analysis/compound/hyphenation,org/apache/lucene/analysis/compound/hyphenation/ByteVector.java,146,1,0.5725806451612904,66,0.8,1,16,EI_EXPOSE_REP2,2,0.003896736483195324,4.870920603994155E-4,1.0,0.16304347826086957,0.011371691871455576,-0.6086956521739131,1.0,7,2510,20,0,0.011536791284564786,0,2728,0,1,0,25862,close
org/apache/lucene/analysis/compound/hyphenation,org/apache/lucene/analysis/compound/hyphenation/CharVector.java,146,1,0.6666666666666666,75,0.6666666666666666,1,16,EI_EXPOSE_REP,1,0.003896736483195324,2.4354603019970775E-4,1.0,0.23728813559322035,0.015081873024992818,-0.4745762711864407,1.0,10,2510,20,0,0.032524173862385826,0,2728,0,1,0,25862,close
org/apache/lucene/analysis/compound/hyphenation,org/apache/lucene/analysis/compound/hyphenation/CharVector.java,146,1,0.45185185185185184,75,0.6,1,16,EI_EXPOSE_REP2,2,0.003896736483195324,4.870920603994155E-4,1.0,0.16304347826086957,0.011371691871455576,-0.6086956521739131,1.0,10,2510,20,0,0.032524173862385826,0,2728,0,1,0,25862,close
org/apache/lucene/analysis/compound/hyphenation,org/apache/lucene/analysis/compound/hyphenation/CharVector.java,146,1,0.5259259259259259,75,0.8,1,16,EI_EXPOSE_REP2,2,0.003896736483195324,4.870920603994155E-4,1.0,0.16304347826086957,0.011371691871455576,-0.6086956521739131,1.0,10,2510,20,0,0.032524173862385826,0,2728,0,1,0,25862,close
org/apache/lucene/analysis/compound/hyphenation,org/apache/lucene/analysis/compound/hyphenation/Hyphenation.java,146,1,0.9591836734693877,13,0.6666666666666666,1,16,EI_EXPOSE_REP,1,0.003896736483195324,2.4354603019970775E-4,1.0,0.23728813559322035,0.015081873024992818,-0.4745762711864407,1.0,7,2510,20,0,0.008359878165981612,0,2728,0,1,0,25862,close
org/apache/lucene/analysis/ja,org/apache/lucene/analysis/ja/Token.java,470,1,0.3485714285714286,76,0.6666666666666666,1,8,EI_EXPOSE_REP,1,0.001948368241597662,2.4354603019970775E-4,-1.0,0.23728813559322035,0.015081873024992818,-0.4745762711864407,-1.0,6,1100,533,0,0.02429339282371651,0,4128,0,1,0,25862,open
org/apache/lucene/analysis/ja,org/apache/lucene/analysis/ja/Token.java,470,1,0.24,76,0.3333333333333333,1,8,EI_EXPOSE_REP2,1,0.001948368241597662,2.4354603019970775E-4,-1.0,0.16304347826086957,0.011371691871455576,-0.6086956521739131,-1.0,6,1100,533,0,0.02429339282371651,0,4128,0,1,0,25862,open
org/apache/lucene/analysis/miscellaneous,org/apache/lucene/analysis/miscellaneous/WordDelimiterIterator.java,3357,1,0.2852760736196319,159,1.0,1,24,MS_PKGPROTECT,0,0.0058451047247929854,0.0,0.0,0.25806451612903225,0.015955601803676726,-0.3548387096774194,-1.0,8,1792,15,0,0.05823643209377227,0,3685,0,1,0,25862,open
org/apache/lucene/analysis/pt,org/apache/lucene/analysis/pt/RSLPStemmerBase.java,332,5,0.5697674418604651,208,1.0,1,8,EI_EXPOSE_REP2,1,0.001948368241597662,2.4354603019970775E-4,-1.0,0.16304347826086957,0.011371691871455576,-0.6086956521739131,-1.0,12,1545,17,0,0.04705143793750699,0,931,0,1,0,25862,open
org/apache/lucene/analysis/standard,org/apache/lucene/analysis/standard/ClassicTokenizer.java,1329,1,0.358695652173913,99,1.0,1,34,MS_PKGPROTECT,0,0.008280565026790063,0.0,0.0,0.25806451612903225,0.015955601803676726,-0.3548387096774194,-1.0,18,1645,58,0,0.05756048630536363,0,17102,0,1,0,25862,open
org/apache/lucene/analysis/standard,org/apache/lucene/analysis/standard/ClassicTokenizerImpl.java,1329,1,0.487248322147651,460,1.0,1,34,MS_MUTABLE_ARRAY,0,0.008280565026790063,0.0,0.0,0.08333333333333333,0.00636574074074074,-0.4166666666666667,-1.0,29,4949,58,0,0.06891021287924572,0,17102,0,1,0,25862,open
org/apache/lucene/analysis/standard,org/apache/lucene/analysis/standard/UAX29URLEmailTokenizer.java,1329,1,0.37058823529411766,95,1.0,1,34,MS_PKGPROTECT,0,0.008280565026790063,0.0,0.0,0.25806451612903225,0.015955601803676726,-0.3548387096774194,-1.0,21,1331,58,1,0.16276853980244732,0,17102,0,1,0,25862,open
org/apache/lucene/analysis/tokenattributes,org/apache/lucene/analysis/tokenattributes/CharTermAttributeImpl.java,480,1,0.16901408450704225,208,0.6666666666666666,1,15,EI_EXPOSE_REP,1,0.003653190452995616,2.4354603019970775E-4,-1.0,0.23728813559322035,0.015081873024992818,-0.4745762711864407,-1.0,22,1820,17,0,0.05704140430395116,0,1755,0,1,0,25862,open
org/apache/lucene/analysis/tokenattributes,org/apache/lucene/analysis/tokenattributes/CharTermAttributeImpl.java,480,1,0.2112676056338028,208,0.875,1,15,EI_EXPOSE_REP,1,0.003653190452995616,2.4354603019970775E-4,-1.0,0.23728813559322035,0.015081873024992818,-0.4745762711864407,-1.0,22,1820,17,0,0.05704140430395116,0,1755,0,1,0,25862,open
org/apache/lucene/analysis/util,org/apache/lucene/analysis/util/CharArrayIterator.java,723,5,0.1791044776119403,134,0.6666666666666666,1,7,EI_EXPOSE_REP,1,0.0017048222113979542,2.4354603019970775E-4,-1.0,0.23728813559322035,0.015081873024992818,-0.4745762711864407,-1.0,6,1255,4,0,0.15869989121106462,0,4097,0,1,0,25862,open
org/apache/lucene/analysis/util,org/apache/lucene/analysis/util/CharArrayIterator.java,723,5,0.2736318407960199,134,0.2857142857142857,1,7,EI_EXPOSE_REP2,1,0.0017048222113979542,2.4354603019970775E-4,-1.0,0.16304347826086957,0.011371691871455576,-0.6086956521739131,-1.0,6,1255,4,0,0.15869989121106462,0,4097,0,1,0,25862,open
org/apache/lucene/analysis/util,org/apache/lucene/analysis/util/CharacterUtils.java,723,4,0.9158163265306123,192,1.0,1,7,EI_EXPOSE_REP,1,0.0017048222113979542,2.4354603019970775E-4,1.0,0.23728813559322035,0.015081873024992818,-0.4745762711864407,1.0,12,1428,4,0,0.05803808295063132,0,4097,0,1,0,25862,close
org/apache/lucene/analysis/util,org/apache/lucene/analysis/util/OpenStringBuilder.java,723,1,0.3026315789473684,104,1.0,1,7,EI_EXPOSE_REP,1,0.0017048222113979542,2.4354603019970775E-4,-1.0,0.23728813559322035,0.015081873024992818,-0.4745762711864407,-1.0,4,1398,4,0,0.006664206298751169,0,4097,0,1,0,25862,open
org/apache/lucene/analysis/util,org/apache/lucene/analysis/util/OpenStringBuilder.java,723,1,0.27631578947368424,104,0.5,2,7,EI_EXPOSE_REP2,1,0.0017048222113979542,2.4354603019970775E-4,-1.0,0.16304347826086957,0.011371691871455576,-0.6086956521739131,-1.0,4,1398,4,0,0.006664206298751169,0,4097,0,1,0,25862,open
org/apache/lucene/analysis/wikipedia,org/apache/lucene/analysis/wikipedia/WikipediaTokenizerImpl.java,598,1,0.46078431372549017,728,1.0,1,10,MS_PKGPROTECT,0,0.0024354603019970775,0.0,0.0,0.25806451612903225,0.015955601803676726,-0.3548387096774194,-1.0,28,4949,15,0,0.0621370241495095,0,88,0,1,0,25862,open
org/apache/lucene/benchmark,org/apache/lucene/benchmark/Constants.java,8,1,0.90625,9,1.0,1,2,MS_FINAL_PKGPROTECT,0,4.870920603994155E-4,0.0,0.0,0.5,0.020833333333333332,0.0,1.0,5,3058,40,0,0.002945893358887767,0,38,0,1,0,25862,close
org/apache/lucene/benchmark/byTask/feeds,org/apache/lucene/benchmark/byTask/feeds/LineDocSource.java,641,6,0.21678321678321677,207,1.0,1,52,EI_EXPOSE_REP2,1,0.012664393570384803,2.4354603019970775E-4,-1.0,0.16304347826086957,0.011371691871455576,-0.6086956521739131,-1.0,7,1471,15,0,0.018198142724647006,0,2225,0,1,0,25862,open
org/apache/lucene/benchmark/byTask/stats,org/apache/lucene/benchmark/byTask/stats/TaskStats.java,104,1,0.46017699115044247,112,0.6666666666666666,1,3,EI_EXPOSE_REP,1,7.306380905991232E-4,2.4354603019970775E-4,1.0,0.23728813559322035,0.015081873024992818,-0.4745762711864407,1.0,9,1957,17,0,0.030969864206452657,0,-12,0,1,0,25862,close
org/apache/lucene/benchmark/byTask/stats,org/apache/lucene/benchmark/byTask/stats/TaskStats.java,104,1,0.43805309734513276,112,0.5,1,3,EI_EXPOSE_REP2,1,7.306380905991232E-4,2.4354603019970775E-4,1.0,0.16304347826086957,0.011371691871455576,-0.6086956521739131,1.0,9,1957,17,0,0.030969864206452657,0,-12,0,1,0,25862,close
org/apache/lucene/benchmark/byTask/tasks,org/apache/lucene/benchmark/byTask/tasks/ReportTask.java,1234,1,0.3977272727272727,113,1.0,1,12,MS_PKGPROTECT,0,0.0029225523623964927,0.0,0.0,0.25806451612903225,0.015955601803676726,-0.3548387096774194,1.0,11,2932,11,0,0.017267961572855515,0,2116,0,1,0,25862,close
org/apache/lucene/benchmark/byTask/tasks,org/apache/lucene/benchmark/byTask/tasks/TaskSequence.java,1234,3,0.06355140186915888,411,1.0,1,12,MS_SHOULD_BE_FINAL,0,0.0029225523623964927,0.0,0.0,0.5125,0.0208203125,0.11875,1.0,33,2927,11,0,0.06587444884619241,0,2116,0,1,1,25862,close
org/apache/lucene/benchmark/byTask/tasks,org/apache/lucene/benchmark/byTask/tasks/WriteLineDocTask.java,1234,1,0.3393665158371041,131,1.0,1,12,MS_MUTABLE_ARRAY,0,0.0029225523623964927,0.0,0.0,0.08333333333333333,0.00636574074074074,-0.4166666666666667,-1.0,11,1471,11,0,0.033937824128608324,0,2116,0,1,0,25862,open
org/apache/lucene/benchmark/quality,org/apache/lucene/benchmark/quality/QualityBenchmark.java,92,1,0.4472049689440994,76,0.3333333333333333,1,2,EI_EXPOSE_REP2,1,4.870920603994155E-4,2.4354603019970775E-4,1.0,0.16304347826086957,0.011371691871455576,-0.6086956521739131,1.0,9,2804,76,1,0.08030497755227442,0,230,0,1,0,25862,close
org/apache/lucene/benchmark/quality/utils,org/apache/lucene/benchmark/quality/utils/SimpleQQParser.java,103,1,0.6052631578947368,35,0.5,1,1,EI_EXPOSE_REP2,1,2.4354603019970775E-4,2.4354603019970775E-4,1.0,0.16304347826086957,0.011371691871455576,-0.6086956521739131,1.0,15,1864,17,0,0.014147346391377522,0,93,0,1,0,25862,close
org/apache/lucene/benchmark/utils,org/apache/lucene/benchmark/utils/ExtractWikipedia.java,1,1,0.28104575163398693,111,1.0,1,3,MS_PKGPROTECT,0,7.306380905991232E-4,0.0,0.0,0.25806451612903225,0.015955601803676726,-0.3548387096774194,0.3333333333333333,18,2830,17,0,0.07301317145886617,0,96,0,1,1,25862,close
org/apache/lucene/classification,org/apache/lucene/classification/KNearestNeighborClassifier.java,30,1,0.9296482412060302,130,0.13333333333333333,1,8,EI_EXPOSE_REP2,1,0.001948368241597662,2.4354603019970775E-4,-1.0,0.16304347826086957,0.011371691871455576,-0.6086956521739131,0.5,7,514,20,0,0.18838345668627426,0,551,0,1,0,25862,open
org/apache/lucene/classification,org/apache/lucene/classification/SimpleNaiveBayesClassifier.java,30,1,0.38127090301003347,178,0.5,1,8,EI_EXPOSE_REP2,1,0.001948368241597662,2.4354603019970775E-4,-1.0,0.16304347826086957,0.011371691871455576,-0.6086956521739131,-1.0,10,514,20,0,0.14719622788163672,0,551,0,1,0,25862,open
org/apache/lucene/facet,org/apache/lucene/facet/FacetResult.java,610,1,0.5340909090909091,51,0.7142857142857143,1,8,EI_EXPOSE_REP2,2,0.001948368241597662,4.870920603994155E-4,-1.0,0.16304347826086957,0.011371691871455576,-0.6086956521739131,-1.0,4,490,37,0,0.015211839709901113,0,1554,0,0,0,25862,open
org/apache/lucene/facet,org/apache/lucene/facet/FacetResult.java,610,1,0.5113636363636364,51,0.42857142857142855,1,8,EI_EXPOSE_REP2,2,0.001948368241597662,4.870920603994155E-4,-1.0,0.16304347826086957,0.011371691871455576,-0.6086956521739131,-1.0,1,484,37,0,0.015211839709901113,0,1554,0,0,0,25862,open
org/apache/lucene/facet,org/apache/lucene/facet/FacetsCollector.java,610,4,0.3458904109589041,182,1.0,1,8,EI_EXPOSE_REP2,1,0.001948368241597662,2.4354603019970775E-4,-1.0,0.16304347826086957,0.011371691871455576,-0.6086956521739131,-1.0,12,490,37,14,0.03940917511128404,0,1554,0,1,0,25862,open
org/apache/lucene/facet/taxonomy,org/apache/lucene/facet/taxonomy/OrdinalMappingLeafReader.java,765,3,0.7625,70,0.3,1,8,EI_EXPOSE_REP2,1,0.001948368241597662,2.4354603019970775E-4,-1.0,0.16304347826086957,0.011371691871455576,-0.6086956521739131,-1.0,2,189,13,0,0.006327596214709892,0,961,0,1,0,25862,open
org/apache/lucene/facet/taxonomy/directory,org/apache/lucene/facet/taxonomy/directory/DirectoryTaxonomyWriter.java,92,5,0.9226491405460061,526,1.0,0,10,EI_EXPOSE_REP,3,0.0024354603019970775,7.306380905991232E-4,-0.3333333333333333,0.23728813559322035,0.015081873024992818,-0.4745762711864407,-0.5,70,1244,17,2,0.11797293225288959,0,2583,0,1,0,25862,open
org/apache/lucene/facet/taxonomy/directory,org/apache/lucene/facet/taxonomy/directory/DirectoryTaxonomyWriter.java,92,5,0.8705763397371082,526,1.0,1,10,EI_EXPOSE_REP,3,0.0024354603019970775,7.306380905991232E-4,-0.3333333333333333,0.23728813559322035,0.015081873024992818,-0.4745762711864407,-0.5,70,1244,17,2,0.11797293225288959,0,2583,0,1,0,25862,open
org/apache/lucene/index,org/apache/lucene/index/BaseTermVectorsFormatTestCase.java,6876,7,0.3951935914552737,638,1.0,1,216,EI_EXPOSE_REP,1,0.05260594252313687,2.4354603019970775E-4,-1.0,0.23728813559322035,0.015081873024992818,-0.4745762711864407,-1.0,5,123,694,9,0.06001420939869397,0,41920,1,1,0,25862,open
org/apache/lucene/index,org/apache/lucene/index/BaseTermVectorsFormatTestCase.java,6876,7,0.40053404539385845,638,1.0,1,216,EI_EXPOSE_REP,1,0.05260594252313687,2.4354603019970775E-4,-1.0,0.23728813559322035,0.015081873024992818,-0.4745762711864407,-1.0,5,123,694,9,0.06001420939869397,0,41920,1,1,0,25862,open
org/apache/lucene/index,org/apache/lucene/index/BaseTermVectorsFormatTestCase.java,6876,7,0.38451268357810414,638,1.0,1,216,EI_EXPOSE_REP,1,0.05260594252313687,2.4354603019970775E-4,-1.0,0.23728813559322035,0.015081873024992818,-0.4745762711864407,-1.0,5,123,694,9,0.06001420939869397,0,41920,1,1,0,25862,open
org/apache/lucene/index,org/apache/lucene/index/BaseTermVectorsFormatTestCase.java,6876,7,0.38985313751668893,638,1.0,1,216,EI_EXPOSE_REP,1,0.05260594252313687,2.4354603019970775E-4,-1.0,0.23728813559322035,0.015081873024992818,-0.4745762711864407,-1.0,5,123,694,9,0.06001420939869397,0,41920,1,1,0,25862,open
org/apache/lucene/index,org/apache/lucene/index/BaseTermVectorsFormatTestCase.java,6876,7,0.37917222963951935,638,1.0,1,216,EI_EXPOSE_REP,1,0.05260594252313687,2.4354603019970775E-4,-1.0,0.23728813559322035,0.015081873024992818,-0.4745762711864407,-1.0,5,123,694,9,0.06001420939869397,0,41920,1,1,0,25862,open
org/apache/lucene/index,org/apache/lucene/index/BaseTermVectorsFormatTestCase.java,6876,7,0.37383177570093457,638,1.0,1,216,EI_EXPOSE_REP,1,0.05260594252313687,2.4354603019970775E-4,-1.0,0.23728813559322035,0.015081873024992818,-0.4745762711864407,-1.0,5,123,694,9,0.06001420939869397,0,41920,1,1,0,25862,open
org/apache/lucene/index,org/apache/lucene/index/IndexWriterConfig.java,6876,2,0.17803030303030304,252,1.0,1,216,MS_PKGPROTECT,0,0.05260594252313687,0.0,0.0,0.25806451612903225,0.015955601803676726,-0.3548387096774194,1.0,67,1847,694,1,0.1088261910768891,0,41920,0,1,0,18246,close
org/apache/lucene/index,org/apache/lucene/index/MultiFields.java,6876,1,0.6840148698884758,149,0.75,1,216,EI_EXPOSE_REP2,2,0.05260594252313687,4.870920603994155E-4,-1.0,0.16304347826086957,0.011371691871455576,-0.6086956521739131,-1.0,61,1820,694,4,0.04196399441456188,0,41920,0,1,0,25862,open
org/apache/lucene/index,org/apache/lucene/index/MultiFields.java,6876,1,0.6802973977695167,149,0.5,1,216,EI_EXPOSE_REP2,2,0.05260594252313687,4.870920603994155E-4,-1.0,0.16304347826086957,0.011371691871455576,-0.6086956521739131,-1.0,61,1820,694,4,0.04196399441456188,0,41920,0,1,0,25862,open
org/apache/lucene/index,org/apache/lucene/index/MultiPostingsEnum.java,6876,2,0.4090909090909091,134,0.6666666666666666,1,216,EI_EXPOSE_REP,1,0.05260594252313687,2.4354603019970775E-4,-1.0,0.23728813559322035,0.015081873024992818,-0.4745762711864407,-1.0,0,53,694,0,0.035444132267127726,0,41920,0,0,0,25862,open
org/apache/lucene/index,org/apache/lucene/index/MultiTerms.java,6876,1,0.3786407766990291,147,0.6666666666666666,1,216,EI_EXPOSE_REP,1,0.05260594252313687,2.4354603019970775E-4,-1.0,0.23728813559322035,0.015081873024992818,-0.4745762711864407,-1.0,0,312,694,0,0.039829813474611495,0,41920,0,0,0,25862,open
org/apache/lucene/index,org/apache/lucene/index/MultiTerms.java,6876,1,0.35436893203883496,147,0.6666666666666666,1,216,EI_EXPOSE_REP,1,0.05260594252313687,2.4354603019970775E-4,-1.0,0.23728813559322035,0.015081873024992818,-0.4745762711864407,-1.0,10,1015,694,0,0.039829813474611495,0,41920,0,1,0,25862,open
org/apache/lucene/index,org/apache/lucene/index/MultiTerms.java,6876,1,0.24757281553398058,147,1.0,1,216,EI_EXPOSE_REP2,2,0.05260594252313687,4.870920603994155E-4,-1.0,0.16304347826086957,0.011371691871455576,-0.6086956521739131,-1.0,21,1820,694,0,0.039829813474611495,0,41920,0,1,0,25862,open
org/apache/lucene/index,org/apache/lucene/index/MultiTerms.java,6876,1,0.24271844660194175,147,1.0,1,216,EI_EXPOSE_REP2,2,0.05260594252313687,4.870920603994155E-4,-1.0,0.16304347826086957,0.011371691871455576,-0.6086956521739131,-1.0,21,1820,694,0,0.039829813474611495,0,41920,0,1,0,25862,open
org/apache/lucene/index,org/apache/lucene/index/MultiTermsEnum.java,6876,4,0.15575620767494355,314,0.6666666666666666,2,216,EI_EXPOSE_REP,1,0.05260594252313687,2.4354603019970775E-4,-1.0,0.23728813559322035,0.015081873024992818,-0.4745762711864407,-1.0,37,1820,694,9,0.06832500865511057,5,41920,0,1,0,25862,open
org/apache/lucene/index,org/apache/lucene/index/ParallelLeafReader.java,6876,2,0.9939393939393939,231,0.75,1,216,EI_EXPOSE_REP,1,0.05260594252313687,2.4354603019970775E-4,-1.0,0.23728813559322035,0.015081873024992818,-0.4745762711864407,-1.0,0,125,694,0,0.03789454806312769,0,41920,0,0,0,25862,open
org/apache/lucene/index,org/apache/lucene/index/SegmentInfo.java,6876,1,0.3466666666666667,155,1.0,1,216,EI_EXPOSE_REP2,1,0.05260594252313687,2.4354603019970775E-4,-1.0,0.16304347826086957,0.011371691871455576,-0.6086956521739131,-1.0,122,1840,694,21,0.09703753732154387,0,41920,0,1,0,25862,open
org/apache/lucene/mockfile,org/apache/lucene/mockfile/FilterFileChannel.java,884,1,0.9426751592356688,102,0.55,1,7,DP_DO_INSIDE_DO_PRIVILEGED,1,0.0017048222113979542,2.4354603019970775E-4,1.0,0.75,0.015625,0.5,1.0,0,126,54,0,0.18779342723004694,0,1195,0,1,0,25862,close
org/apache/lucene/queries/function/valuesource,org/apache/lucene/queries/function/valuesource/MultiFloatFunction.java,1968,2,0.336283185840708,72,0.6666666666666666,1,52,EI_EXPOSE_REP2,1,0.012664393570384803,2.4354603019970775E-4,-1.0,0.16304347826086957,0.011371691871455576,-0.6086956521739131,-1.0,10,1372,49,0,0.03199373936081245,0,5170,0,1,0,25862,open
org/apache/lucene/queries/function/valuesource,org/apache/lucene/queries/function/valuesource/MultiFunction.java,1968,2,0.6753246753246753,102,1.0,1,52,EI_EXPOSE_REP2,1,0.012664393570384803,2.4354603019970775E-4,-1.0,0.16304347826086957,0.011371691871455576,-0.6086956521739131,-1.0,10,1372,49,0,0.026156085121085384,0,5170,0,1,0,25862,open
org/apache/lucene/queries/mlt,org/apache/lucene/queries/mlt/MoreLikeThis.java,129,4,0.46673490276356194,409,0.6666666666666666,1,11,EI_EXPOSE_REP,1,0.002679006332196785,2.4354603019970775E-4,-1.0,0.23728813559322035,0.015081873024992818,-0.4745762711864407,-0.5,27,1356,12,21,0.08650875075377887,0,853,0,1,0,25862,open
org/apache/lucene/queries/mlt,org/apache/lucene/queries/mlt/MoreLikeThis.java,129,4,0.4790174002047083,409,0.6666666666666666,1,11,EI_EXPOSE_REP2,1,0.002679006332196785,2.4354603019970775E-4,-1.0,0.16304347826086957,0.011371691871455576,-0.6086956521739131,-0.5,27,1356,12,21,0.08650875075377887,0,853,0,1,0,25862,open
org/apache/lucene/queries/mlt,org/apache/lucene/queries/mlt/MoreLikeThis.java,129,4,0.19037871033776868,409,1.0,1,11,MS_PKGPROTECT,0,0.002679006332196785,0.0,0.0,0.25806451612903225,0.015955601803676726,-0.3548387096774194,-0.5,27,1356,12,21,0.08650875075377887,0,853,0,1,0,25862,open
org/apache/lucene/queryparser/classic,org/apache/lucene/queryparser/classic/ParseException.java,1228,1,0.1925133689839572,110,0.6666666666666666,1,46,EI_EXPOSE_REP2,2,0.011203117389186557,4.870920603994155E-4,-1.0,0.16304347826086957,0.011371691871455576,-0.6086956521739131,-1.0,8,1359,294,0,0.06144717613805637,0,5158,0,1,0,25862,open
org/apache/lucene/queryparser/classic,org/apache/lucene/queryparser/classic/ParseException.java,1228,1,0.19786096256684493,110,0.8333333333333334,1,46,EI_EXPOSE_REP2,2,0.011203117389186557,4.870920603994155E-4,-1.0,0.16304347826086957,0.011371691871455576,-0.6086956521739131,-1.0,8,1359,294,0,0.06144717613805637,0,5158,0,1,0,25862,open
org/apache/lucene/queryparser/classic,org/apache/lucene/queryparser/classic/QueryParserConstants.java,1228,1,0.7,73,1.0,1,46,MS_OOI_PKGPROTECT,0,0.011203117389186557,0.0,0.0,0.0,0.0,-1.0,-1.0,2,1359,294,0,0.0049060579244129265,0,5158,0,1,0,25862,open
org/apache/lucene/queryparser/classic,org/apache/lucene/queryparser/classic/QueryParserTokenManager.java,1228,1,0.8333333333333334,1132,1.0,1,46,MS_PKGPROTECT,0,0.011203117389186557,0.0,0.0,0.25806451612903225,0.015955601803676726,-0.3548387096774194,-0.8823529411764706,6,4949,294,0,0.13092997416932586,0,5158,0,1,0,25862,open
org/apache/lucene/queryparser/classic,org/apache/lucene/queryparser/classic/QueryParserTokenManager.java,1228,1,0.8221649484536082,1132,1.0,1,46,MS_PKGPROTECT,0,0.011203117389186557,0.0,0.0,0.25806451612903225,0.015955601803676726,-0.3548387096774194,-0.8823529411764706,6,4949,294,0,0.13092997416932586,0,5158,0,1,0,25862,open
org/apache/lucene/queryparser/classic,org/apache/lucene/queryparser/classic/QueryParserTokenManager.java,1228,1,0.8273195876288659,1132,1.0,1,46,MS_PKGPROTECT,0,0.011203117389186557,0.0,0.0,0.25806451612903225,0.015955601803676726,-0.3548387096774194,-0.8823529411764706,6,4949,294,0,0.13092997416932586,0,5158,0,1,0,25862,open
org/apache/lucene/queryparser/flexible/standard/parser,org/apache/lucene/queryparser/flexible/standard/parser/ParseException.java,1990,1,0.20526315789473684,112,0.6666666666666666,1,38,EI_EXPOSE_REP2,2,0.009254749147588894,4.870920603994155E-4,-1.0,0.16304347826086957,0.011371691871455576,-0.6086956521739131,-1.0,11,1356,1,0,0.015211953643220399,0,2949,0,1,0,25862,open
org/apache/lucene/queryparser/flexible/standard/parser,org/apache/lucene/queryparser/flexible/standard/parser/ParseException.java,1990,1,0.21052631578947367,112,0.8333333333333334,1,38,EI_EXPOSE_REP2,2,0.009254749147588894,4.870920603994155E-4,-1.0,0.16304347826086957,0.011371691871455576,-0.6086956521739131,-1.0,11,1356,1,0,0.015211953643220399,0,2949,0,1,0,25862,open
org/apache/lucene/queryparser/flexible/standard/parser,org/apache/lucene/queryparser/flexible/standard/parser/StandardSyntaxParserConstants.java,1990,1,0.6991869918699187,75,1.0,1,38,MS_OOI_PKGPROTECT,0,0.009254749147588894,0.0,0.0,0.0,0.0,-1.0,-1.0,3,1356,1,0,0.023459863465322278,0,2949,0,1,0,25862,open
org/apache/lucene/queryparser/flexible/standard/parser,org/apache/lucene/queryparser/flexible/standard/parser/StandardSyntaxParserTokenManager.java,1990,1,0.7995867768595041,919,1.0,1,38,MS_PKGPROTECT,0,0.009254749147588894,0.0,0.0,0.25806451612903225,0.015955601803676726,-0.3548387096774194,-0.8571428571428571,10,4949,1,0,0.0489302733424955,0,2949,0,1,0,25862,open
org/apache/lucene/queryparser/flexible/standard/parser,org/apache/lucene/queryparser/flexible/standard/parser/StandardSyntaxParserTokenManager.java,1990,1,0.7861570247933884,919,1.0,1,38,MS_PKGPROTECT,0,0.009254749147588894,0.0,0.0,0.25806451612903225,0.015955601803676726,-0.3548387096774194,-0.8571428571428571,10,4949,1,0,0.0489302733424955,0,2949,0,1,0,25862,open
org/apache/lucene/queryparser/flexible/standard/parser,org/apache/lucene/queryparser/flexible/standard/parser/StandardSyntaxParserTokenManager.java,1990,1,0.7923553719008265,919,1.0,1,38,MS_PKGPROTECT,0,0.009254749147588894,0.0,0.0,0.25806451612903225,0.015955601803676726,-0.3548387096774194,-0.8571428571428571,10,4949,1,0,0.0489302733424955,0,2949,0,1,0,25862,open
org/apache/lucene/queryparser/surround/parser,org/apache/lucene/queryparser/surround/parser/ParseException.java,840,1,0.1925133689839572,110,0.6666666666666666,1,48,EI_EXPOSE_REP2,2,0.011690209449585971,4.870920603994155E-4,-1.0,0.16304347826086957,0.011371691871455576,-0.6086956521739131,-1.0,8,1358,20,0,0.008639669063266896,0,3836,0,1,0,25862,open
org/apache/lucene/queryparser/surround/parser,org/apache/lucene/queryparser/surround/parser/ParseException.java,840,1,0.19786096256684493,110,0.8333333333333334,1,48,EI_EXPOSE_REP2,2,0.011690209449585971,4.870920603994155E-4,-1.0,0.16304347826086957,0.011371691871455576,-0.6086956521739131,-1.0,8,1358,20,0,0.008639669063266896,0,3836,0,1,0,25862,open
org/apache/lucene/queryparser/surround/parser,org/apache/lucene/queryparser/surround/parser/QueryParserConstants.java,840,1,0.7032967032967034,54,1.0,1,48,MS_OOI_PKGPROTECT,0,0.011690209449585971,0.0,0.0,0.0,0.0,-1.0,-1.0,2,1358,20,0,0.002040636227535692,0,3836,0,1,0,25862,open
org/apache/lucene/queryparser/xml,org/apache/lucene/queryparser/xml/CoreParser.java,222,1,0.2645161290322581,98,1.0,1,12,MS_SHOULD_BE_FINAL,0,0.0029225523623964927,0.0,0.0,0.5125,0.0208203125,0.11875,-0.3333333333333333,8,1303,15,3,0.0020631460642308195,0,1053,0,1,0,2285,close
org/apache/lucene/queryparser/xml/builders,org/apache/lucene/queryparser/xml/builders/LikeThisQueryBuilder.java,382,1,0.4716981132075472,64,0.75,1,6,EI_EXPOSE_REP2,1,0.0014612761811982464,2.4354603019970775E-4,-1.0,0.16304347826086957,0.011371691871455576,-0.6086956521739131,-1.0,10,1303,-214,0,0.004529056447374921,0,1646,0,1,0,25862,open
org/apache/lucene/sandbox/queries/regex,org/apache/lucene/sandbox/queries/regex/JakartaRegexpCapabilities.java,214,3,0.29239766081871343,105,1.0,1,5,DP_DO_INSIDE_DO_PRIVILEGED,2,0.0012177301509985387,4.870920603994155E-4,1.0,0.75,0.015625,0.5,1.0,5,1319,17,0,5.512245689989783E-4,0,-290,0,1,0,25862,close
org/apache/lucene/search,org/apache/lucene/search/BaseExplanationTestCase.java,6189,2,0.43119266055045874,138,1.0,1,140,MS_PKGPROTECT,0,0.034096444227959086,0.0,0.0,0.25806451612903225,0.015955601803676726,-0.3548387096774194,-1.0,3,147,-840,1,4.747991803598002E-4,0,20566,0,1,0,25862,open
org/apache/lucene/search,org/apache/lucene/search/CheckHits.java,6189,4,0.08123791102514506,332,1.0,1,140,MS_SHOULD_BE_FINAL,0,0.034096444227959086,0.0,0.0,0.5125,0.0208203125,0.11875,-1.0,31,1275,-840,19,0.08183466436995482,0,20566,0,1,0,25862,open
org/apache/lucene/search,org/apache/lucene/search/CheckHits.java,6189,4,0.09671179883945841,332,1.0,1,140,MS_SHOULD_BE_FINAL,0,0.034096444227959086,0.0,0.0,0.5125,0.0208203125,0.11875,-1.0,29,1274,-840,19,0.08183466436995482,0,20566,0,1,0,25862,open
org/apache/lucene/search,org/apache/lucene/search/FieldDoc.java,6189,1,0.7625,23,0.75,1,140,EI_EXPOSE_REP2,2,0.034096444227959086,4.870920603994155E-4,1.0,0.16304347826086957,0.011371691871455576,-0.6086956521739131,1.0,22,4060,-840,1,0.02953670142015688,0,20566,0,1,0,25862,close
org/apache/lucene/search,org/apache/lucene/search/FieldDoc.java,6189,1,0.8375,23,0.75,1,140,EI_EXPOSE_REP2,2,0.034096444227959086,4.870920603994155E-4,1.0,0.16304347826086957,0.011371691871455576,-0.6086956521739131,1.0,22,4060,-840,1,0.02953670142015688,0,20566,0,1,0,25862,close
org/apache/lucene/search,org/apache/lucene/search/FieldValueHitQueue.java,6189,5,0.7828054298642534,108,0.6666666666666666,1,140,EI_EXPOSE_REP,1,0.034096444227959086,2.4354603019970775E-4,-1.0,0.23728813559322035,0.015081873024992818,-0.4745762711864407,-1.0,33,2254,-840,2,0.10706315989399837,0,20566,0,1,1,25862,open
org/apache/lucene/search,org/apache/lucene/search/FieldValueHitQueue.java,6189,5,0.8009049773755657,108,0.6666666666666666,1,140,EI_EXPOSE_REP,1,0.034096444227959086,2.4354603019970775E-4,-1.0,0.23728813559322035,0.015081873024992818,-0.4745762711864407,-1.0,33,2254,-840,2,0.10706315989399837,0,20566,0,1,1,25862,open
org/apache/lucene/search,org/apache/lucene/search/ShardSearchingTestBase.java,6189,9,0.3462132921174652,458,1.0,1,140,EI_EXPOSE_REP2,1,0.034096444227959086,2.4354603019970775E-4,-1.0,0.16304347826086957,0.011371691871455576,-0.6086956521739131,-1.0,27,1199,-840,1,0.08339825583749147,0,20566,0,1,0,25862,open
org/apache/lucene/search,org/apache/lucene/search/Sort.java,6189,1,0.7085201793721974,66,0.6666666666666666,2,140,EI_EXPOSE_REP,1,0.034096444227959086,2.4354603019970775E-4,1.0,0.23728813559322035,0.015081873024992818,-0.4745762711864407,1.0,29,3859,-840,3,0.14194529712290102,0,20566,0,1,0,25862,close
org/apache/lucene/search,org/apache/lucene/search/TopDocs.java,6189,4,0.19,183,0.6,1,140,EI_EXPOSE_REP2,1,0.034096444227959086,2.4354603019970775E-4,1.0,0.16304347826086957,0.011371691871455576,-0.6086956521739131,1.0,26,4640,-840,1,0.07536680967235385,0,20566,0,1,0,25862,close
org/apache/lucene/search,org/apache/lucene/search/TopFieldDocs.java,6189,1,0.9487179487179487,8,0.75,1,140,EI_EXPOSE_REP2,1,0.034096444227959086,2.4354603019970775E-4,-1.0,0.16304347826086957,0.011371691871455576,-0.6086956521739131,-1.0,3,1148,-840,1,0.023348098780027655,0,20566,0,0,0,25862,open
org/apache/lucene/search/grouping,org/apache/lucene/search/grouping/GroupDocs.java,112,1,0.967741935483871,23,0.875,1,13,EI_EXPOSE_REP2,2,0.0031660983925962008,4.870920603994155E-4,-1.0,0.16304347826086957,0.011371691871455576,-0.6086956521739131,-1.0,6,1417,123,0,0.013829715800028201,0,3331,0,1,0,25862,open
org/apache/lucene/search/grouping,org/apache/lucene/search/grouping/GroupDocs.java,112,1,0.9354838709677419,23,0.625,1,13,EI_EXPOSE_REP2,2,0.0031660983925962008,4.870920603994155E-4,-1.0,0.16304347826086957,0.011371691871455576,-0.6086956521739131,-1.0,6,1417,123,0,0.013829715800028201,0,3331,0,1,0,25862,open
org/apache/lucene/search/grouping,org/apache/lucene/search/grouping/TopGroups.java,112,3,0.22088353413654618,164,0.2222222222222222,1,13,EI_EXPOSE_REP2,3,0.0031660983925962008,7.306380905991232E-4,-1.0,0.16304347826086957,0.011371691871455576,-0.6086956521739131,-1.0,13,1417,123,2,0.04140620179041398,3,3331,0,1,0,25862,open
org/apache/lucene/search/grouping,org/apache/lucene/search/grouping/TopGroups.java,112,3,0.23694779116465864,164,0.6666666666666666,1,13,EI_EXPOSE_REP2,3,0.0031660983925962008,7.306380905991232E-4,-1.0,0.16304347826086957,0.011371691871455576,-0.6086956521739131,-1.0,13,1417,123,2,0.04140620179041398,3,3331,0,1,0,25862,open
org/apache/lucene/search/grouping,org/apache/lucene/search/grouping/TopGroups.java,112,3,0.2248995983935743,164,0.3333333333333333,1,13,EI_EXPOSE_REP2,3,0.0031660983925962008,7.306380905991232E-4,-1.0,0.16304347826086957,0.011371691871455576,-0.6086956521739131,-1.0,13,1417,123,2,0.04140620179041398,3,3331,0,1,0,25862,open
org/apache/lucene/search/postingshighlight,org/apache/lucene/search/postingshighlight/Passage.java,216,2,0.93125,83,0.6666666666666666,1,11,EI_EXPOSE_REP,1,0.002679006332196785,2.4354603019970775E-4,-1.0,0.23728813559322035,0.015081873024992818,-0.4745762711864407,-1.0,7,815,16,0,0.18293638590391026,0,563,0,1,0,25862,open
org/apache/lucene/search/postingshighlight,org/apache/lucene/search/postingshighlight/Passage.java,216,2,0.8625,83,0.6666666666666666,1,11,EI_EXPOSE_REP,1,0.002679006332196785,2.4354603019970775E-4,-1.0,0.23728813559322035,0.015081873024992818,-0.4745762711864407,-1.0,7,815,16,0,0.18293638590391026,0,563,0,1,0,25862,open
org/apache/lucene/search/postingshighlight,org/apache/lucene/search/postingshighlight/Passage.java,216,2,0.9875,83,0.6666666666666666,1,11,EI_EXPOSE_REP,1,0.002679006332196785,2.4354603019970775E-4,-1.0,0.23728813559322035,0.015081873024992818,-0.4745762711864407,-1.0,7,815,16,0,0.18293638590391026,0,563,0,1,0,25862,open
org/apache/lucene/search/similarities,org/apache/lucene/search/similarities/MultiSimilarity.java,1001,3,0.33070866141732286,84,0.6666666666666666,1,15,EI_EXPOSE_REP2,1,0.003653190452995616,2.4354603019970775E-4,-1.0,0.16304347826086957,0.011371691871455576,-0.6086956521739131,-1.0,14,1297,-8,0,0.012781589948073241,0,4935,0,1,0,25862,open
org/apache/lucene/search/spell,org/apache/lucene/search/spell/CombineSuggestion.java,411,1,0.9523809523809523,9,0.75,1,19,EI_EXPOSE_REP2,1,0.004627374573794447,2.4354603019970775E-4,-1.0,0.16304347826086957,0.011371691871455576,-0.6086956521739131,-1.0,4,1035,16,0,0.1954301075268817,0,1920,0,1,0,25862,open
org/apache/lucene/search/suggest/analyzing,org/apache/lucene/search/suggest/analyzing/BlendedInfixSuggester.java,187,4,0.20615384615384616,164,1.0,1,12,MS_SHOULD_BE_FINAL,0,0.0029225523623964927,0.0,0.0,0.5125,0.0208203125,0.11875,-1.0,15,446,56,2,0.035475416738773774,0,1044,0,1,0,25862,open
org/apache/lucene/search/suggest/analyzing,org/apache/lucene/search/suggest/analyzing/BlendedInfixSuggester.java,187,4,0.19076923076923077,164,1.0,1,12,MS_SHOULD_BE_FINAL,0,0.0029225523623964927,0.0,0.0,0.5125,0.0208203125,0.11875,-1.0,15,446,56,2,0.035475416738773774,0,1044,0,1,0,25862,open
org/apache/lucene/search/vectorhighlight,org/apache/lucene/search/vectorhighlight/BaseFragmentsBuilder.java,162,3,0.17455621301775148,264,1.0,1,10,MS_PKGPROTECT,0,0.0024354603019970775,0.0,0.0,0.25806451612903225,0.015955601803676726,-0.3548387096774194,-0.2,28,2091,185,0,0.14158200501699042,0,-1030,0,1,1,25862,close
org/apache/lucene/search/vectorhighlight,org/apache/lucene/search/vectorhighlight/BaseFragmentsBuilder.java,162,3,0.14792899408284024,264,1.0,1,10,MS_PKGPROTECT,0,0.0024354603019970775,0.0,0.0,0.25806451612903225,0.015955601803676726,-0.3548387096774194,-0.2,28,2091,185,0,0.14158200501699042,0,-1030,0,1,1,25862,close
org/apache/lucene/search/vectorhighlight,org/apache/lucene/search/vectorhighlight/SimpleBoundaryScanner.java,162,1,0.34065934065934067,51,1.0,1,10,MS_PKGPROTECT,0,0.0024354603019970775,0.0,0.0,0.25806451612903225,0.015955601803676726,-0.3548387096774194,-1.0,8,1300,185,0,0.04412988622299129,0,-1030,0,1,0,25862,open
org/apache/lucene/store,org/apache/lucene/store/ByteArrayDataInput.java,1871,1,0.3869047619047619,119,0.4,21,43,EI_EXPOSE_REP2,1,0.010472479298587432,2.4354603019970775E-4,-1.0,0.16304347826086957,0.011371691871455576,-0.6086956521739131,-1.0,14,1540,52,0,0.06370873043846356,0,9847,0,1,0,25862,open
org/apache/lucene/store,org/apache/lucene/store/ByteArrayDataOutput.java,1871,1,0.7083333333333334,38,0.4,8,43,EI_EXPOSE_REP2,1,0.010472479298587432,2.4354603019970775E-4,-1.0,0.16304347826086957,0.011371691871455576,-0.6086956521739131,-1.0,5,1359,52,0,0.17257419618696168,0,9847,0,1,0,25862,open
org/apache/lucene/store,org/apache/lucene/store/Lock.java,1871,2,0.2896551724137931,56,1.0,1,43,MS_SHOULD_BE_FINAL,0,0.010472479298587432,0.0,0.0,0.5125,0.0208203125,0.11875,1.0,32,4249,52,0,0.05994463797568449,0,9847,0,1,0,25862,close
org/apache/lucene/uninverting,org/apache/lucene/uninverting/FieldCacheSanityChecker.java,115,4,0.8207547169811321,215,1.0,1,4,EI_EXPOSE_REP,1,9.74184120798831E-4,2.4354603019970775E-4,1.0,0.23728813559322035,0.015081873024992818,-0.4745762711864407,1.0,2,324,13,0,0.016997337817009947,0,1337,0,1,0,25862,close
org/apache/lucene/util,org/apache/lucene/util/AttributeImpl.java,5388,2,0.7686567164179104,53,0.65,1,88,DP_DO_INSIDE_DO_PRIVILEGED,1,0.02143205065757428,2.4354603019970775E-4,1.0,0.75,0.015625,0.5,0.0,21,2076,-210,0,0.034792791089346305,0,19092,0,1,0,25862,close
org/apache/lucene/util,org/apache/lucene/util/ByteBlockPool.java,5388,4,0.6601671309192201,198,1.0,1,88,MS_MUTABLE_ARRAY,0,0.02143205065757428,0.0,0.0,0.08333333333333333,0.00636574074074074,-0.4166666666666667,-1.0,7,879,-210,0,0.08572081530413651,0,19092,0,1,0,25862,open
org/apache/lucene/util,org/apache/lucene/util/ByteBlockPool.java,5388,4,0.6462395543175488,198,1.0,1,88,MS_MUTABLE_ARRAY,0,0.02143205065757428,0.0,0.0,0.08333333333333333,0.00636574074074074,-0.4166666666666667,-1.0,7,879,-210,0,0.08572081530413651,0,19092,0,1,0,25862,open
org/apache/lucene/util,org/apache/lucene/util/BytesRef.java,5388,4,0.17777777777777778,179,1.0,1,88,EI_EXPOSE_REP2,1,0.02143205065757428,2.4354603019970775E-4,-1.0,0.16304347826086957,0.011371691871455576,-0.6086956521739131,0.3333333333333333,43,1820,-210,0,0.13083420709236196,0,19092,0,1,0,25862,open
org/apache/lucene/util,org/apache/lucene/util/CharsRef.java,5388,3,0.21223021582733814,174,1.0,1,88,EI_EXPOSE_REP2,1,0.02143205065757428,2.4354603019970775E-4,-1.0,0.16304347826086957,0.011371691871455576,-0.6086956521739131,-1.0,21,1407,-210,0,0.10926848007932038,0,19092,0,1,0,25862,open
org/apache/lucene/util,org/apache/lucene/util/FixedBitSet.java,5388,2,0.29347826086956524,317,0.6666666666666666,1,88,EI_EXPOSE_REP,1,0.02143205065757428,2.4354603019970775E-4,-1.0,0.23728813559322035,0.015081873024992818,-0.4745762711864407,-1.0,31,1359,-210,20,0.1729016592243109,0,19092,0,1,0,25862,open
org/apache/lucene/util,org/apache/lucene/util/FixedBitSet.java,5388,2,0.2608695652173913,317,0.875,1,88,EI_EXPOSE_REP2,2,0.02143205065757428,4.870920603994155E-4,-1.0,0.16304347826086957,0.011371691871455576,-0.6086956521739131,-1.0,21,971,-210,20,0.1729016592243109,0,19092,0,1,0,25862,open
org/apache/lucene/util,org/apache/lucene/util/FixedBitSet.java,5388,2,0.11956521739130435,317,1.0,1,88,EI_EXPOSE_REP2,2,0.02143205065757428,4.870920603994155E-4,-1.0,0.16304347826086957,0.011371691871455576,-0.6086956521739131,-1.0,13,414,-210,20,0.1729016592243109,0,19092,0,1,0,25862,open
org/apache/lucene/util,org/apache/lucene/util/IntsRef.java,5388,1,0.2879581151832461,119,1.0,1,88,EI_EXPOSE_REP2,1,0.02143205065757428,2.4354603019970775E-4,-1.0,0.16304347826086957,0.011371691871455576,-0.6086956521739131,-1.0,15,1820,-210,0,0.05198152692901357,0,19092,0,1,0,25862,open
org/apache/lucene/util,org/apache/lucene/util/LongBitSet.java,5388,1,0.2418478260869565,238,0.6666666666666666,1,88,EI_EXPOSE_REP,1,0.02143205065757428,2.4354603019970775E-4,-1.0,0.23728813559322035,0.015081873024992818,-0.4745762711864407,-1.0,2,414,-210,0,0.19477121259560765,0,19092,0,1,0,25862,open
org/apache/lucene/util,org/apache/lucene/util/LongBitSet.java,5388,1,0.21467391304347827,238,0.875,1,88,EI_EXPOSE_REP2,1,0.02143205065757428,2.4354603019970775E-4,-1.0,0.16304347826086957,0.011371691871455576,-0.6086956521739131,-1.0,2,414,-210,0,0.19477121259560765,0,19092,0,1,0,25862,open
org/apache/lucene/util,org/apache/lucene/util/LongsRef.java,5388,1,0.28421052631578947,119,1.0,1,88,EI_EXPOSE_REP2,1,0.02143205065757428,2.4354603019970775E-4,-1.0,0.16304347826086957,0.011371691871455576,-0.6086956521739131,-1.0,5,1000,-210,0,0.05419584552380032,0,19092,0,1,0,25862,open
org/apache/lucene/util,org/apache/lucene/util/LuceneTestCase.java,5388,20,0.26013380558835103,1690,0.5625,1,88,DP_DO_INSIDE_DO_PRIVILEGED,1,0.02143205065757428,2.4354603019970775E-4,1.0,0.75,0.015625,0.5,-0.45454545454545453,314,1514,-210,88,0.12578625265000054,3,19092,1,1,1,435,close
org/apache/lucene/util/automaton,org/apache/lucene/util/automaton/LevenshteinAutomata.java,410,2,0.20189274447949526,180,0.06060606060606061,1,16,EI_EXPOSE_REP2,1,0.003896736483195324,2.4354603019970775E-4,-1.0,0.16304347826086957,0.011371691871455576,-0.6086956521739131,-1.0,9,901,46,3,0.0886806946157706,0,8828,0,1,0,25862,open
org/apache/lucene/util/automaton,org/apache/lucene/util/automaton/SortedIntSet.java,410,2,0.7553956834532374,222,1.0,1,16,EI_EXPOSE_REP2,1,0.003896736483195324,2.4354603019970775E-4,-1.0,0.16304347826086957,0.011371691871455576,-0.6086956521739131,-1.0,7,1793,46,0,0.011351494653739597,0,8828,0,1,0,25862,open
org/apache/lucene/util/packed,org/apache/lucene/util/packed/EliasFanoEncoder.java,6278,1,0.8387978142076503,187,0.6666666666666666,1,6,EI_EXPOSE_REP,1,0.0014612761811982464,2.4354603019970775E-4,1.0,0.23728813559322035,0.015081873024992818,-0.4745762711864407,1.0,6,532,-8,0,0.042185777384423015,0,25901,0,1,0,25862,close
org/apache/lucene/util/packed,org/apache/lucene/util/packed/EliasFanoEncoder.java,6278,1,0.8114754098360656,187,0.6666666666666666,1,6,EI_EXPOSE_REP,1,0.0014612761811982464,2.4354603019970775E-4,1.0,0.23728813559322035,0.015081873024992818,-0.4745762711864407,1.0,9,630,-8,0,0.042185777384423015,0,25901,0,1,0,25862,close
org/apache/lucene/util/packed,org/apache/lucene/util/packed/EliasFanoEncoder.java,6278,1,0.825136612021858,187,0.6666666666666666,2,6,EI_EXPOSE_REP,1,0.0014612761811982464,2.4354603019970775E-4,1.0,0.23728813559322035,0.015081873024992818,-0.4745762711864407,1.0,9,630,-8,0,0.042185777384423015,0,25901,0,1,0,25862,close
org/apache/solr,org/apache/solr/BaseDistributedSearchTestCase.java,138,14,0.25112917795844625,790,1.0,1,68,MS_FINAL_PKGPROTECT,0,0.016561130053580127,0.0,0.0,0.5,0.020833333333333332,0.0,0.8,80,1940,490,21,0.09711273084092079,2,5349,1,1,1,25862,close
org/apache/solr,org/apache/solr/BaseDistributedSearchTestCase.java,138,14,0.25022583559168926,790,1.0,1,68,MS_MUTABLE_ARRAY,0,0.016561130053580127,0.0,0.0,0.08333333333333333,0.00636574074074074,-0.4166666666666667,0.8,63,1517,490,21,0.09711273084092079,2,5349,0,1,1,25862,close
org/apache/solr,org/apache/solr/BaseDistributedSearchTestCase.java,138,14,0.2140921409214092,790,1.0,1,68,MS_SHOULD_BE_FINAL,0,0.016561130053580127,0.0,0.0,0.5125,0.0208203125,0.11875,0.8,80,1940,490,21,0.09711273084092079,2,5349,1,1,1,25862,close
org/apache/solr,org/apache/solr/BaseDistributedSearchTestCase.java,138,14,0.21499548328816623,790,1.0,1,68,MS_SHOULD_BE_FINAL,0,0.016561130053580127,0.0,0.0,0.5125,0.0208203125,0.11875,0.8,80,1940,490,21,0.09711273084092079,2,5349,1,1,1,25862,close
org/apache/solr,org/apache/solr/BaseDistributedSearchTestCase.java,138,14,0.21589882565492322,790,1.0,1,68,MS_SHOULD_BE_FINAL,0,0.016561130053580127,0.0,0.0,0.5125,0.0208203125,0.11875,0.8,80,1940,490,21,0.09711273084092079,2,5349,1,1,1,25862,close
org/apache/solr,org/apache/solr/BaseDistributedSearchTestCase.java,138,14,0.22131887985546522,790,1.0,1,68,MS_SHOULD_BE_FINAL,0,0.016561130053580127,0.0,0.0,0.5125,0.0208203125,0.11875,0.8,75,1838,490,21,0.09711273084092079,2,5349,0,1,1,25862,close
org/apache/solr,org/apache/solr/BaseDistributedSearchTestCase.java,138,14,0.24841915085817526,790,1.0,1,68,MS_SHOULD_BE_FINAL,0,0.016561130053580127,0.0,0.0,0.5125,0.0208203125,0.11875,0.8,80,1940,490,21,0.09711273084092079,2,5349,1,1,1,25862,close
org/apache/solr,org/apache/solr/BaseDistributedSearchTestCase.java,138,14,0.24209575429087624,790,1.0,1,68,MS_SHOULD_BE_FINAL,0,0.016561130053580127,0.0,0.0,0.5125,0.0208203125,0.11875,0.8,80,1940,490,21,0.09711273084092079,2,5349,1,1,1,25862,close
org/apache/solr,org/apache/solr/BaseDistributedSearchTestCase.java,138,14,0.23577235772357724,790,1.0,1,68,MS_SHOULD_BE_FINAL,0,0.016561130053580127,0.0,0.0,0.5125,0.0208203125,0.11875,0.8,80,1940,490,21,0.09711273084092079,2,5349,1,1,1,25862,close
org/apache/solr,org/apache/solr/BaseDistributedSearchTestCase.java,138,14,0.22312556458897922,790,1.0,1,68,MS_SHOULD_BE_FINAL,0,0.016561130053580127,0.0,0.0,0.5125,0.0208203125,0.11875,0.8,80,1940,490,21,0.09711273084092079,2,5349,1,1,1,25862,close
org/apache/solr,org/apache/solr/BaseDistributedSearchTestCase.java,138,14,0.22944896115627822,790,1.0,1,68,MS_SHOULD_BE_FINAL,0,0.016561130053580127,0.0,0.0,0.5125,0.0208203125,0.11875,0.8,80,1940,490,21,0.09711273084092079,2,5349,1,1,1,25862,close
org/apache/solr,org/apache/solr/BaseDistributedSearchTestCase.java,138,14,0.21318879855465223,790,1.0,1,68,MS_SHOULD_BE_FINAL,0,0.016561130053580127,0.0,0.0,0.5125,0.0208203125,0.11875,0.8,80,1940,490,21,0.09711273084092079,2,5349,1,1,1,25862,close
org/apache/solr,org/apache/solr/BaseDistributedSearchTestCase.java,138,14,0.9439927732610659,790,1.0,1,68,MS_SHOULD_BE_FINAL,0,0.016561130053580127,0.0,0.0,0.5125,0.0208203125,0.11875,0.8,80,1940,490,21,0.09711273084092079,2,5349,1,1,1,25862,close
org/apache/solr,org/apache/solr/BaseDistributedSearchTestCase.java,138,14,0.9322493224932249,790,1.0,1,68,MS_PKGPROTECT,0,0.016561130053580127,0.0,0.0,0.25806451612903225,0.015955601803676726,-0.3548387096774194,0.8,80,1940,490,21,0.09711273084092079,2,5349,1,1,1,25862,close
org/apache/solr,org/apache/solr/JSONTestUtil.java,138,3,0.08237986270022883,311,1.0,1,68,MS_SHOULD_BE_FINAL,0,0.016561130053580127,0.0,0.0,0.5125,0.0208203125,0.11875,0.3333333333333333,0,18,490,3,0.18067461607468405,0,5349,0,0,0,25862,open
org/apache/solr,org/apache/solr/SolrJettyTestBase.java,138,1,0.23348017621145375,162,1.0,1,68,MS_PKGPROTECT,0,0.016561130053580127,0.0,0.0,0.25806451612903225,0.015955601803676726,-0.3548387096774194,-1.0,5,90,490,6,0.03065539426533547,14,5349,0,0,1,25862,open
org/apache/solr,org/apache/solr/SolrTestCaseJ4.java,138,17,0.0660772452303397,1573,1.0,1,68,MS_SHOULD_BE_FINAL,0,0.016561130053580127,0.0,0.0,0.5125,0.0208203125,0.11875,-0.23809523809523808,45,405,490,39,0.06822450491563274,0,5349,1,1,1,25862,open
org/apache/solr,org/apache/solr/SolrTestCaseJ4.java,138,17,0.2731503024662634,1573,1.0,1,68,MS_SHOULD_BE_FINAL,0,0.016561130053580127,0.0,0.0,0.5125,0.0208203125,0.11875,-0.23809523809523808,185,1838,490,39,0.06822450491563274,0,5349,1,1,1,25862,close
org/apache/solr,org/apache/solr/SolrTestCaseJ4.java,138,17,0.09027454630060493,1573,1.0,1,68,MS_SHOULD_BE_FINAL,0,0.016561130053580127,0.0,0.0,0.5125,0.0208203125,0.11875,-0.23809523809523808,95,961,490,39,0.06822450491563274,0,5349,1,1,1,25862,open
org/apache/solr/analysis,org/apache/solr/analysis/TokenizerChain.java,287,1,0.5227272727272727,57,1.0,1,7,EI_EXPOSE_REP,1,0.0017048222113979542,2.4354603019970775E-4,-1.0,0.23728813559322035,0.015081873024992818,-0.4745762711864407,-1.0,19,2328,-904,0,0.0523586935537362,0,519,1,1,1,25862,open
org/apache/solr/analysis,org/apache/solr/analysis/TokenizerChain.java,287,1,0.5454545454545454,57,1.0,1,7,EI_EXPOSE_REP,1,0.0017048222113979542,2.4354603019970775E-4,-1.0,0.23728813559322035,0.015081873024992818,-0.4745762711864407,-1.0,25,3351,-904,0,0.0523586935537362,0,519,1,1,1,25862,open
org/apache/solr/analysis,org/apache/solr/analysis/TokenizerChain.java,287,1,0.4659090909090909,57,0.4,1,7,EI_EXPOSE_REP2,2,0.0017048222113979542,4.870920603994155E-4,-1.0,0.16304347826086957,0.011371691871455576,-0.6086956521739131,-1.0,19,2328,-904,0,0.0523586935537362,0,519,1,1,1,25862,open
org/apache/solr/analysis,org/apache/solr/analysis/TokenizerChain.java,287,1,0.48863636363636365,57,0.8,1,7,EI_EXPOSE_REP2,2,0.0017048222113979542,4.870920603994155E-4,-1.0,0.16304347826086957,0.011371691871455576,-0.6086956521739131,-1.0,25,3351,-904,0,0.0523586935537362,0,519,1,1,1,25862,open
org/apache/solr/analytics/expression,org/apache/solr/analytics/expression/MultiDelegateExpression.java,178,5,0.24242424242424243,86,0.6666666666666666,1,12,EI_EXPOSE_REP2,1,0.0029225523623964927,2.4354603019970775E-4,-1.0,0.16304347826086957,0.011371691871455576,-0.6086956521739131,-1.0,3,497,17,0,0.025781065844268092,0,858,0,0,0,25862,open
org/apache/solr/analytics/request,org/apache/solr/analytics/request/RangeFacetRequest.java,186,1,0.6846153846153846,87,0.6666666666666666,1,29,EI_EXPOSE_REP,1,0.007062834875791525,2.4354603019970775E-4,-1.0,0.23728813559322035,0.015081873024992818,-0.4745762711864407,-1.0,2,497,17,0,0.02540886501408849,0,1811,0,0,0,25862,open
org/apache/solr/analytics/request,org/apache/solr/analytics/request/RangeFacetRequest.java,186,1,0.3923076923076923,87,0.8333333333333334,1,29,EI_EXPOSE_REP2,1,0.007062834875791525,2.4354603019970775E-4,-1.0,0.16304347826086957,0.011371691871455576,-0.6086956521739131,-1.0,2,497,17,0,0.02540886501408849,0,1811,0,0,0,25862,open
org/apache/solr/analytics/request,org/apache/solr/analytics/request/RangeFacetRequest.java,186,1,0.7153846153846154,87,0.6666666666666666,1,29,EI_EXPOSE_REP2,1,0.007062834875791525,2.4354603019970775E-4,-1.0,0.16304347826086957,0.011371691871455576,-0.6086956521739131,-1.0,2,497,17,0,0.02540886501408849,0,1811,0,0,0,25862,open
org/apache/solr/analytics/statistics,org/apache/solr/analytics/statistics/PercentileStatsCollector.java,140,1,0.525,50,0.8,1,18,EI_EXPOSE_REP2,2,0.00438382854359474,4.870920603994155E-4,-1.0,0.16304347826086957,0.011371691871455576,-0.6086956521739131,-1.0,3,497,17,0,0.0067972119966182385,0,1127,0,1,0,25862,open
org/apache/solr/analytics/statistics,org/apache/solr/analytics/statistics/PercentileStatsCollector.java,140,1,0.5125,50,0.6,1,18,EI_EXPOSE_REP2,2,0.00438382854359474,4.870920603994155E-4,-1.0,0.16304347826086957,0.011371691871455576,-0.6086956521739131,-1.0,3,497,17,0,0.0067972119966182385,0,1127,0,1,0,25862,open
org/apache/solr/analytics/util,org/apache/solr/analytics/util/RangeEndpointCalculator.java,217,8,0.9185393258426966,234,1.0,1,9,EI_EXPOSE_REP2,1,0.00219191427179737,2.4354603019970775E-4,-1.0,0.16304347826086957,0.011371691871455576,-0.6086956521739131,-1.0,5,497,17,0,0.05314371784286254,0,1142,0,1,0,25862,open
org/apache/solr/analytics/util/valuesource,org/apache/solr/analytics/util/valuesource/MultiDateFunction.java,732,3,0.291044776119403,97,0.6666666666666666,1,21,EI_EXPOSE_REP2,1,0.005114466634193863,2.4354603019970775E-4,-1.0,0.16304347826086957,0.011371691871455576,-0.6086956521739131,-1.0,3,497,17,0,0.007092716623616058,0,1816,0,0,0,25862,open
org/apache/solr/analytics/util/valuesource,org/apache/solr/analytics/util/valuesource/MultiDoubleFunction.java,732,2,0.31666666666666665,86,0.6666666666666666,1,21,EI_EXPOSE_REP2,1,0.005114466634193863,2.4354603019970775E-4,-1.0,0.16304347826086957,0.011371691871455576,-0.6086956521739131,-1.0,3,497,17,0,0.0063010060263791615,0,1816,0,0,0,25862,open
org/apache/solr/analytics/util/valuesource,org/apache/solr/analytics/util/valuesource/MultiStringFunction.java,732,3,0.272108843537415,109,0.6666666666666666,1,21,EI_EXPOSE_REP2,1,0.005114466634193863,2.4354603019970775E-4,-1.0,0.16304347826086957,0.011371691871455576,-0.6086956521739131,-1.0,4,497,17,0,0.01022068646608833,0,1816,0,0,0,25862,open
org/apache/solr/client/solrj/impl,org/apache/solr/client/solrj/impl/XMLResponseParser.java,268,15,0.10967741935483871,363,1.0,1,94,MS_SHOULD_BE_FINAL,0,0.02289332683877253,0.0,0.0,0.5125,0.0208203125,0.11875,-0.6666666666666666,19,2385,83,0,0.08030757046708875,0,1835,0,1,1,25862,close
org/apache/solr/client/solrj/response,org/apache/solr/client/solrj/response/FacetField.java,139,2,0.6761363636363636,113,0.6666666666666666,1,33,EI_EXPOSE_REP,1,0.008037018996590355,2.4354603019970775E-4,1.0,0.23728813559322035,0.015081873024992818,-0.4745762711864407,0.0,8,2569,20,0,0.08864788574363325,0,895,0,1,1,25862,close
org/apache/solr/client/solrj/response,org/apache/solr/client/solrj/response/FacetField.java,139,2,0.5738636363636364,113,0.8,1,33,EI_EXPOSE_REP2,1,0.008037018996590355,2.4354603019970775E-4,1.0,0.16304347826086957,0.011371691871455576,-0.6086956521739131,0.0,8,2569,20,0,0.08864788574363325,0,895,0,1,1,25862,close
org/apache/solr/cloud,org/apache/solr/cloud/AbstractZkTestCase.java,1060,1,0.2698412698412698,131,1.0,1,127,MS_CANNOT_BE_FINAL,0,0.030930345835362884,0.0,0.0,0.6666666666666666,0.01851851851851852,0.3333333333333333,-0.6,21,965,456,0,0.06268161235979924,0,4647,1,1,1,25862,open
org/apache/solr/cloud,org/apache/solr/cloud/AbstractZkTestCase.java,1060,1,0.23809523809523808,131,1.0,1,127,MS_SHOULD_BE_FINAL,0,0.030930345835362884,0.0,0.0,0.5125,0.0208203125,0.11875,-0.6,39,1630,456,0,0.06268161235979924,0,4647,1,1,1,25862,close
org/apache/solr/cloud,org/apache/solr/cloud/CloudUtil.java,1060,1,0.32575757575757575,82,1.0,1,127,MS_SHOULD_BE_FINAL,0,0.030930345835362884,0.0,0.0,0.5125,0.0208203125,0.11875,1.0,6,229,456,1,0.2106073785287751,0,4647,1,1,1,25862,close
org/apache/solr/cloud,org/apache/solr/cloud/DistributedMap.java,1060,3,0.9574468085106383,160,1.0,1,127,EI_EXPOSE_REP,1,0.030930345835362884,2.4354603019970775E-4,1.0,0.23728813559322035,0.015081873024992818,-0.4745762711864407,1.0,2,382,456,0,0.36585153976458323,0,4647,0,0,1,25862,close
org/apache/solr/cloud,org/apache/solr/cloud/DistributedMap.java,1060,3,0.9404255319148936,160,1.0,1,127,EI_EXPOSE_REP2,1,0.030930345835362884,2.4354603019970775E-4,1.0,0.16304347826086957,0.011371691871455576,-0.6086956521739131,1.0,2,382,456,0,0.36585153976458323,0,4647,0,0,1,25862,close
org/apache/solr/cloud,org/apache/solr/cloud/DistributedQueue.java,1060,4,0.8809523809523809,440,1.0,1,127,EI_EXPOSE_REP,1,0.030930345835362884,2.4354603019970775E-4,1.0,0.23728813559322035,0.015081873024992818,-0.4745762711864407,0.7777777777777778,16,795,456,2,0.30662521678642835,2,4647,1,1,1,25862,close
org/apache/solr/cloud,org/apache/solr/cloud/DistributedQueue.java,1060,4,0.8746031746031746,440,1.0,1,127,EI_EXPOSE_REP2,1,0.030930345835362884,2.4354603019970775E-4,1.0,0.16304347826086957,0.011371691871455576,-0.6086956521739131,0.7777777777777778,16,795,456,2,0.30662521678642835,2,4647,1,1,1,25862,close
org/apache/solr/cloud/overseer,org/apache/solr/cloud/overseer/ZkStateWriter.java,30,2,0.17467248908296942,154,1.0,1,3,MS_SHOULD_BE_FINAL,0,7.306380905991232E-4,0.0,0.0,0.5125,0.0208203125,0.11875,-1.0,2,120,17,1,0.0837558539578623,0,522,1,0,0,25862,open
org/apache/solr/common/cloud,org/apache/solr/common/cloud/Slice.java,957,1,0.1836734693877551,131,1.0,1,35,MS_SHOULD_BE_FINAL,0,0.008524111056989771,0.0,0.0,0.5125,0.0208203125,0.11875,0.8,5,771,199,0,0.025452213252632916,0,2556,1,1,0,25862,close
org/apache/solr/common/cloud,org/apache/solr/common/cloud/Slice.java,957,1,0.19387755102040816,131,1.0,1,35,MS_SHOULD_BE_FINAL,0,0.008524111056989771,0.0,0.0,0.5125,0.0208203125,0.11875,0.8,3,722,199,0,0.025452213252632916,0,2556,1,1,0,25862,close
org/apache/solr/common/cloud,org/apache/solr/common/cloud/Slice.java,957,1,0.18877551020408162,131,1.0,1,35,MS_SHOULD_BE_FINAL,0,0.008524111056989771,0.0,0.0,0.5125,0.0208203125,0.11875,0.8,3,722,199,0,0.025452213252632916,0,2556,1,1,0,25862,close
org/apache/solr/common/cloud,org/apache/solr/common/cloud/Slice.java,957,1,0.17857142857142858,131,1.0,1,35,MS_SHOULD_BE_FINAL,0,0.008524111056989771,0.0,0.0,0.5125,0.0208203125,0.11875,0.8,11,925,199,0,0.025452213252632916,0,2556,1,1,0,25862,close
org/apache/solr/common/cloud,org/apache/solr/common/cloud/Slice.java,957,1,0.20408163265306123,131,1.0,1,35,MS_SHOULD_BE_FINAL,0,0.008524111056989771,0.0,0.0,0.5125,0.0208203125,0.11875,0.8,2,537,199,0,0.025452213252632916,0,2556,1,1,0,25862,close
org/apache/solr/common/cloud,org/apache/solr/common/cloud/Slice.java,957,1,0.1683673469387755,131,1.0,1,35,MS_SHOULD_BE_FINAL,0,0.008524111056989771,0.0,0.0,0.5125,0.0208203125,0.11875,0.8,13,932,199,0,0.025452213252632916,0,2556,1,1,0,25862,close
org/apache/solr/common/cloud,org/apache/solr/common/cloud/Slice.java,957,1,0.1989795918367347,131,1.0,1,35,MS_SHOULD_BE_FINAL,0,0.008524111056989771,0.0,0.0,0.5125,0.0208203125,0.11875,0.8,2,537,199,0,0.025452213252632916,0,2556,1,1,0,25862,close
org/apache/solr/common/cloud,org/apache/solr/common/cloud/Slice.java,957,1,0.16326530612244897,131,1.0,1,35,MS_SHOULD_BE_FINAL,0,0.008524111056989771,0.0,0.0,0.5125,0.0208203125,0.11875,0.8,13,932,199,0,0.025452213252632916,0,2556,1,1,0,25862,close
org/apache/solr/common/cloud,org/apache/solr/common/cloud/Slice.java,957,1,0.17346938775510204,131,1.0,1,35,MS_SHOULD_BE_FINAL,0,0.008524111056989771,0.0,0.0,0.5125,0.0208203125,0.11875,0.8,5,771,199,0,0.025452213252632916,0,2556,1,1,0,25862,close
org/apache/solr/common/cloud,org/apache/solr/common/cloud/SolrZooKeeper.java,957,2,0.6019417475728155,62,1.0,1,35,DP_DO_INSIDE_DO_PRIVILEGED,3,0.008524111056989771,7.306380905991232E-4,-1.0,0.75,0.015625,0.5,-1.0,9,922,199,0,0.1460021042108917,0,2556,0,1,1,25862,open
org/apache/solr/common/cloud,org/apache/solr/common/cloud/SolrZooKeeper.java,957,2,0.6407766990291263,62,1.0,1,35,DP_DO_INSIDE_DO_PRIVILEGED,3,0.008524111056989771,7.306380905991232E-4,-1.0,0.75,0.015625,0.5,-1.0,4,861,199,0,0.1460021042108917,0,2556,0,1,1,25862,open
org/apache/solr/common/cloud,org/apache/solr/common/cloud/ZkCredentialsProvider.java,957,2,0.6888888888888889,20,1.0,1,35,EI_EXPOSE_REP2,1,0.008524111056989771,2.4354603019970775E-4,-1.0,0.16304347826086957,0.011371691871455576,-0.6086956521739131,-1.0,0,214,199,0,0.0155,0,2556,0,0,1,25862,open
org/apache/solr/common/util,org/apache/solr/common/util/ContentStreamBase.java,994,5,0.9485294117647058,180,1.0,1,72,EI_EXPOSE_REP2,3,0.01753531417437896,7.306380905991232E-4,-0.3333333333333333,0.16304347826086957,0.011371691871455576,-0.6086956521739131,-0.6,3,687,116,11,0.04134177001582267,1,3815,0,0,1,25862,open
org/apache/solr/common/util,org/apache/solr/common/util/DateUtil.java,994,2,0.2846153846153846,148,1.0,1,72,MS_MUTABLE_COLLECTION,0,0.01753531417437896,0.0,0.0,1.0,0.0,1.0,1.0,1,384,116,1,0.07186931727421238,0,3815,0,1,0,25862,close
org/apache/solr/common/util,org/apache/solr/common/util/DateUtil.java,994,2,0.6846153846153846,148,1.0,1,72,MS_SHOULD_BE_FINAL,0,0.01753531417437896,0.0,0.0,0.5125,0.0208203125,0.11875,1.0,12,2306,116,1,0.07186931727421238,0,3815,0,1,1,25862,close
org/apache/solr/common/util,org/apache/solr/common/util/ExecutorUtil.java,994,1,0.4375,37,1.0,1,72,MS_SHOULD_BE_FINAL,0,0.01753531417437896,0.0,0.0,0.5125,0.0208203125,0.11875,1.0,5,939,116,0,0.022904480835515318,0,3815,0,0,1,25862,close
org/apache/solr/common/util,org/apache/solr/common/util/FastInputStream.java,994,1,0.376865671641791,194,0.6666666666666666,1,72,EI_EXPOSE_REP,1,0.01753531417437896,2.4354603019970775E-4,-1.0,0.23728813559322035,0.015081873024992818,-0.4745762711864407,-1.0,0,13,116,0,0.010971572784781197,0,3815,0,0,0,25862,open
org/apache/solr/common/util,org/apache/solr/common/util/FastInputStream.java,994,1,0.14925373134328357,194,0.5,1,72,EI_EXPOSE_REP2,1,0.01753531417437896,2.4354603019970775E-4,-1.0,0.16304347826086957,0.011371691871455576,-0.6086956521739131,-1.0,13,2541,116,0,0.010971572784781197,0,3815,1,1,1,25862,open
org/apache/solr/common/util,org/apache/solr/common/util/IOUtils.java,994,1,0.7027027027027027,16,1.0,1,72,MS_SHOULD_BE_FINAL,0,0.01753531417437896,0.0,0.0,0.5125,0.0208203125,0.11875,1.0,0,81,116,0,0.007303534910896874,0,3815,0,0,1,25862,close
org/apache/solr/common/util,org/apache/solr/common/util/ObjectReleaseTracker.java,994,3,0.45161290322580644,35,1.0,1,72,MS_SHOULD_BE_FINAL,0,0.01753531417437896,0.0,0.0,0.5125,0.0208203125,0.11875,-1.0,0,81,116,0,0.011744485820681752,0,3815,0,0,1,25862,open
org/apache/solr/common/util,org/apache/solr/common/util/StrUtils.java,994,1,0.10509554140127389,204,1.0,1,72,MS_MUTABLE_ARRAY,0,0.01753531417437896,0.0,0.0,0.08333333333333333,0.00636574074074074,-0.4166666666666667,-1.0,16,2240,116,2,0.061409526006647924,0,3815,1,1,1,25862,open
org/apache/solr/core,org/apache/solr/core/CoreDescriptor.java,1636,1,0.23058252427184467,251,1.0,1,95,MS_SHOULD_BE_FINAL,0,0.023136872868972237,0.0,0.0,0.5125,0.0208203125,0.11875,0.0,15,628,-285,2,0.08703346813571056,0,6464,1,1,1,25862,open
org/apache/solr/core,org/apache/solr/core/Diagnostics.java,1636,2,0.4909090909090909,29,1.0,1,95,MS_SHOULD_BE_FINAL,0,0.023136872868972237,0.0,0.0,0.5125,0.0208203125,0.11875,1.0,2,817,-285,0,0.2825157232704403,0,6464,0,0,1,25862,close
org/apache/solr/core,org/apache/solr/core/HdfsDirectoryFactory.java,1636,2,0.13194444444444445,351,1.0,1,95,MS_SHOULD_BE_FINAL,0,0.023136872868972237,0.0,0.0,0.5125,0.0208203125,0.11875,-0.2,15,643,-285,2,0.0909030832366869,0,6464,0,0,1,25862,close
org/apache/solr/core,org/apache/solr/core/JarRepository.java,1636,4,0.25225225225225223,162,1.0,1,95,MS_SHOULD_BE_FINAL,0,0.023136872868972237,0.0,0.0,0.5125,0.0208203125,0.11875,1.0,7,101,-285,6,0.24319051871868774,0,6464,1,0,1,25862,close
org/apache/solr/core,org/apache/solr/core/PluginBag.java,1636,4,0.10752688172043011,337,1.0,1,95,MS_SHOULD_BE_FINAL,0,0.023136872868972237,0.0,0.0,0.5125,0.0208203125,0.11875,0.0,6,23,-285,31,0.3228141181477779,0,6464,1,0,0,25862,close
org/apache/solr/core,org/apache/solr/core/RAMDirectoryFactory.java,1636,1,0.6923076923076923,25,1.0,1,95,MS_SHOULD_BE_FINAL,0,0.023136872868972237,0.0,0.0,0.5125,0.0208203125,0.11875,1.0,1,195,-285,0,0.1002082385826706,0,6464,0,0,0,25862,close
org/apache/solr/core,org/apache/solr/core/SolrDeletionPolicy.java,1636,3,0.18072289156626506,171,1.0,1,95,MS_SHOULD_BE_FINAL,0,0.023136872868972237,0.0,0.0,0.5125,0.0208203125,0.11875,-0.6,20,2374,-285,0,0.11994790739318116,0,6464,1,1,1,25862,close
org/apache/solr/core,org/apache/solr/core/ZkContainer.java,1636,3,0.1836734693877551,175,1.0,1,95,MS_SHOULD_BE_FINAL,0,0.023136872868972237,0.0,0.0,0.5125,0.0208203125,0.11875,0.3333333333333333,20,707,-285,36,0.08031833806694753,0,6464,1,1,1,25862,close
org/apache/solr/hadoop,org/apache/solr/hadoop/HeartBeater.java,821,1,0.31645569620253167,77,1.0,1,28,MS_SHOULD_BE_FINAL,0,0.006819288845591817,0.0,0.0,0.5125,0.0208203125,0.11875,-0.6,2,484,8,0,0.03135801351216025,0,5996,0,0,1,25862,close
org/apache/solr/handler,org/apache/solr/handler/AnalysisRequestHandlerBase.java,395,8,0.7904191616766467,313,1.0,1,65,EI_EXPOSE_REP,1,0.015830491962981003,2.4354603019970775E-4,-1.0,0.23728813559322035,0.015081873024992818,-0.4745762711864407,-1.0,20,1387,266,0,0.05177159199138084,0,3188,0,1,0,25862,open
org/apache/solr/handler,org/apache/solr/handler/AnalysisRequestHandlerBase.java,395,8,0.8003992015968064,313,1.0,1,65,EI_EXPOSE_REP2,1,0.015830491962981003,2.4354603019970775E-4,-1.0,0.16304347826086957,0.011371691871455576,-0.6086956521739131,-1.0,21,1389,266,0,0.05177159199138084,0,3188,0,1,0,25862,open
org/apache/solr/handler,org/apache/solr/handler/ContentStreamHandlerBase.java,395,1,0.4318181818181818,52,1.0,1,65,MS_SHOULD_BE_FINAL,0,0.015830491962981003,0.0,0.0,0.5125,0.0208203125,0.11875,1.0,4,1075,266,1,0.05549813116041723,0,3188,0,0,0,25862,close
org/apache/solr/handler,org/apache/solr/handler/MoreLikeThisHandler.java,395,4,0.16633663366336635,402,1.0,1,65,MS_SHOULD_BE_FINAL,0,0.015830491962981003,0.0,0.0,0.5125,0.0208203125,0.11875,-0.7142857142857143,1,173,266,1,0.12972947548265587,0,3188,1,0,0,15273,close
org/apache/solr/handler,org/apache/solr/handler/PingRequestHandler.java,395,3,0.43478260869565216,158,1.0,1,65,MS_SHOULD_BE_FINAL,0,0.015830491962981003,0.0,0.0,0.5125,0.0208203125,0.11875,1.0,11,1062,266,0,0.053063463491122426,0,3188,0,1,1,15272,close
org/apache/solr/handler,org/apache/solr/handler/UpdateRequestHandler.java,395,2,0.3021978021978022,131,1.0,1,65,MS_SHOULD_BE_FINAL,0,0.015830491962981003,0.0,0.0,0.5125,0.0208203125,0.11875,1.0,10,1057,266,0,0.11606603883641087,0,3188,0,1,0,25862,close
org/apache/solr/handler/admin,org/apache/solr/handler/admin/AdminHandlers.java,127,2,0.2913907284768212,103,1.0,1,41,MS_SHOULD_BE_FINAL,0,0.009985387238188018,0.0,0.0,0.5125,0.0208203125,0.11875,0.3333333333333333,2,125,-173,7,0.017197207059427854,0,3060,0,0,0,25862,close
org/apache/solr/handler/admin,org/apache/solr/handler/admin/CollectionsHandler.java,127,2,0.5867158671586716,866,1.0,1,41,MS_SHOULD_BE_FINAL,0,0.009985387238188018,0.0,0.0,0.5125,0.0208203125,0.11875,1.0,40,414,-173,11,0.07567843655738844,0,3060,1,1,1,25862,close
org/apache/solr/handler/admin,org/apache/solr/handler/admin/CollectionsHandler.java,127,2,0.11346863468634687,866,1.0,1,41,MS_SHOULD_BE_FINAL,0,0.009985387238188018,0.0,0.0,0.5125,0.0208203125,0.11875,1.0,72,1002,-173,11,0.07567843655738844,0,3060,1,1,1,25862,close
org/apache/solr/handler/admin,org/apache/solr/handler/admin/CoreAdminHandler.java,127,5,0.07951070336391437,1018,1.0,1,41,MS_SHOULD_BE_FINAL,0,0.009985387238188018,0.0,0.0,0.5125,0.0208203125,0.11875,-0.4444444444444444,23,382,-173,8,0.11643128224983917,0,3060,1,1,1,25862,open
org/apache/solr/handler/admin,org/apache/solr/handler/admin/CoreAdminHandler.java,127,5,0.08027522935779817,1018,1.0,1,41,MS_SHOULD_BE_FINAL,0,0.009985387238188018,0.0,0.0,0.5125,0.0208203125,0.11875,-0.4444444444444444,23,382,-173,8,0.11643128224983917,0,3060,1,1,1,25862,open
org/apache/solr/handler/admin,org/apache/solr/handler/admin/CoreAdminHandler.java,127,5,0.0779816513761468,1018,1.0,1,41,MS_SHOULD_BE_FINAL,0,0.009985387238188018,0.0,0.0,0.5125,0.0208203125,0.11875,-0.4444444444444444,23,382,-173,8,0.11643128224983917,0,3060,1,1,1,25862,open
org/apache/solr/handler/admin,org/apache/solr/handler/admin/CoreAdminHandler.java,127,5,0.08103975535168195,1018,1.0,1,41,MS_SHOULD_BE_FINAL,0,0.009985387238188018,0.0,0.0,0.5125,0.0208203125,0.11875,-0.4444444444444444,23,382,-173,8,0.11643128224983917,0,3060,1,1,1,25862,open
org/apache/solr/handler/admin,org/apache/solr/handler/admin/CoreAdminHandler.java,127,5,0.08256880733944955,1018,1.0,1,41,MS_SHOULD_BE_FINAL,0,0.009985387238188018,0.0,0.0,0.5125,0.0208203125,0.11875,-0.4444444444444444,23,382,-173,8,0.11643128224983917,0,3060,1,1,1,25862,open
org/apache/solr/handler/admin,org/apache/solr/handler/admin/CoreAdminHandler.java,127,5,0.08180428134556575,1018,1.0,1,41,MS_SHOULD_BE_FINAL,0,0.009985387238188018,0.0,0.0,0.5125,0.0208203125,0.11875,-0.4444444444444444,23,382,-173,8,0.11643128224983917,0,3060,1,1,1,25862,open
org/apache/solr/handler/admin,org/apache/solr/handler/admin/CoreAdminHandler.java,127,5,0.07874617737003058,1018,1.0,1,41,MS_SHOULD_BE_FINAL,0,0.009985387238188018,0.0,0.0,0.5125,0.0208203125,0.11875,-0.4444444444444444,23,382,-173,8,0.11643128224983917,0,3060,1,1,1,25862,open
org/apache/solr/handler/admin,org/apache/solr/handler/admin/CoreAdminHandler.java,127,5,0.07262996941896024,1018,1.0,1,41,MS_SHOULD_BE_FINAL,0,0.009985387238188018,0.0,0.0,0.5125,0.0208203125,0.11875,-0.4444444444444444,134,1378,-173,8,0.11643128224983917,0,3060,1,1,1,25862,close
org/apache/solr/handler/admin,org/apache/solr/handler/admin/CoreAdminHandler.java,127,5,0.38990825688073394,1018,1.0,1,41,MS_SHOULD_BE_FINAL,0,0.009985387238188018,0.0,0.0,0.5125,0.0208203125,0.11875,-0.4444444444444444,57,628,-173,8,0.11643128224983917,0,3060,1,1,1,25862,open
org/apache/solr/handler/admin,org/apache/solr/handler/admin/InfoHandler.java,127,1,0.22758620689655173,86,1.0,1,41,MS_SHOULD_BE_FINAL,0,0.009985387238188018,0.0,0.0,0.5125,0.0208203125,0.11875,1.0,4,629,-173,0,0.155610488906037,0,3060,0,0,1,25862,close
org/apache/solr/handler/admin,org/apache/solr/handler/admin/SystemInfoHandler.java,127,1,0.5392670157068062,258,0.38461538461538464,1,41,DP_DO_INSIDE_DO_PRIVILEGED,3,0.009985387238188018,7.306380905991232E-4,1.0,0.75,0.015625,0.5,1.0,22,1132,-173,0,0.11347339822053618,0,3060,0,1,1,25862,close
org/apache/solr/handler/clustering/carrot2,org/apache/solr/handler/clustering/carrot2/CarrotParams.java,205,1,0.39759036144578314,37,1.0,1,19,MS_SHOULD_BE_FINAL,0,0.004627374573794447,0.0,0.0,0.5125,0.0208203125,0.11875,-0.8571428571428571,3,1044,17,0,0.009001437141067048,0,527,0,0,0,25862,open
org/apache/solr/handler/clustering/carrot2,org/apache/solr/handler/clustering/carrot2/CarrotParams.java,205,1,0.46987951807228917,37,1.0,1,19,MS_SHOULD_BE_FINAL,0,0.004627374573794447,0.0,0.0,0.5125,0.0208203125,0.11875,-0.8571428571428571,3,1044,17,0,0.009001437141067048,0,527,0,0,0,25862,open
org/apache/solr/handler/clustering/carrot2,org/apache/solr/handler/clustering/carrot2/CarrotParams.java,205,1,0.5783132530120482,37,1.0,1,19,MS_SHOULD_BE_FINAL,0,0.004627374573794447,0.0,0.0,0.5125,0.0208203125,0.11875,-0.8571428571428571,3,1044,17,0,0.009001437141067048,0,527,0,0,0,25862,open
org/apache/solr/handler/clustering/carrot2,org/apache/solr/handler/clustering/carrot2/CarrotParams.java,205,1,0.4578313253012048,37,1.0,1,19,MS_SHOULD_BE_FINAL,0,0.004627374573794447,0.0,0.0,0.5125,0.0208203125,0.11875,-0.8571428571428571,3,1044,17,0,0.009001437141067048,0,527,0,0,0,25862,open
org/apache/solr/handler/clustering/carrot2,org/apache/solr/handler/clustering/carrot2/CarrotParams.java,205,1,0.6506024096385542,37,1.0,1,19,MS_SHOULD_BE_FINAL,0,0.004627374573794447,0.0,0.0,0.5125,0.0208203125,0.11875,-0.8571428571428571,3,1044,17,0,0.009001437141067048,0,527,0,0,0,25862,close
org/apache/solr/handler/clustering/carrot2,org/apache/solr/handler/clustering/carrot2/CarrotParams.java,205,1,0.5421686746987951,37,1.0,1,19,MS_SHOULD_BE_FINAL,0,0.004627374573794447,0.0,0.0,0.5125,0.0208203125,0.11875,-0.8571428571428571,3,1044,17,0,0.009001437141067048,0,527,0,0,0,25862,open
org/apache/solr/handler/clustering/carrot2,org/apache/solr/handler/clustering/carrot2/CarrotParams.java,205,1,0.5542168674698795,37,1.0,1,19,MS_SHOULD_BE_FINAL,0,0.004627374573794447,0.0,0.0,0.5125,0.0208203125,0.11875,-0.8571428571428571,3,1044,17,0,0.009001437141067048,0,527,0,0,0,25862,open
org/apache/solr/handler/clustering/carrot2,org/apache/solr/handler/clustering/carrot2/CarrotParams.java,205,1,0.4939759036144578,37,1.0,1,19,MS_SHOULD_BE_FINAL,0,0.004627374573794447,0.0,0.0,0.5125,0.0208203125,0.11875,-0.8571428571428571,3,1044,17,0,0.009001437141067048,0,527,0,0,0,25862,open
org/apache/solr/handler/clustering/carrot2,org/apache/solr/handler/clustering/carrot2/CarrotParams.java,205,1,0.7228915662650602,37,1.0,1,19,MS_SHOULD_BE_FINAL,0,0.004627374573794447,0.0,0.0,0.5125,0.0208203125,0.11875,-0.8571428571428571,1,571,17,0,0.009001437141067048,0,527,0,0,0,25862,open
org/apache/solr/handler/clustering/carrot2,org/apache/solr/handler/clustering/carrot2/CarrotParams.java,205,1,0.4457831325301205,37,1.0,1,19,MS_SHOULD_BE_FINAL,0,0.004627374573794447,0.0,0.0,0.5125,0.0208203125,0.11875,-0.8571428571428571,3,1044,17,0,0.009001437141067048,0,527,0,0,0,25862,open
org/apache/solr/handler/clustering/carrot2,org/apache/solr/handler/clustering/carrot2/CarrotParams.java,205,1,0.5060240963855421,37,1.0,1,19,MS_SHOULD_BE_FINAL,0,0.004627374573794447,0.0,0.0,0.5125,0.0208203125,0.11875,-0.8571428571428571,3,1044,17,0,0.009001437141067048,0,527,0,0,0,25862,open
org/apache/solr/handler/clustering/carrot2,org/apache/solr/handler/clustering/carrot2/CarrotParams.java,205,1,0.5180722891566265,37,1.0,1,19,MS_SHOULD_BE_FINAL,0,0.004627374573794447,0.0,0.0,0.5125,0.0208203125,0.11875,-0.8571428571428571,3,1044,17,0,0.009001437141067048,0,527,0,0,0,25862,open
org/apache/solr/handler/clustering/carrot2,org/apache/solr/handler/clustering/carrot2/CarrotParams.java,205,1,0.42168674698795183,37,1.0,1,19,MS_SHOULD_BE_FINAL,0,0.004627374573794447,0.0,0.0,0.5125,0.0208203125,0.11875,-0.8571428571428571,3,1044,17,0,0.009001437141067048,0,527,0,0,0,25862,open
org/apache/solr/handler/clustering/carrot2,org/apache/solr/handler/clustering/carrot2/CarrotParams.java,205,1,0.43373493975903615,37,1.0,1,19,MS_SHOULD_BE_FINAL,0,0.004627374573794447,0.0,0.0,0.5125,0.0208203125,0.11875,-0.8571428571428571,3,1044,17,0,0.009001437141067048,0,527,0,0,0,25862,open
org/apache/solr/handler/component,org/apache/solr/handler/component/FacetComponent.java,295,9,0.1683381088825215,993,1.0,1,82,MS_FINAL_PKGPROTECT,0,0.019970774476376036,0.0,0.0,0.5,0.020833333333333332,0.0,-0.5,0,34,975,32,0.15213734567162987,49,7083,0,0,0,25862,open
org/apache/solr/handler/component,org/apache/solr/handler/component/FacetComponent.java,295,9,0.04297994269340974,993,1.0,1,82,MS_SHOULD_BE_FINAL,0,0.019970774476376036,0.0,0.0,0.5125,0.0208203125,0.11875,-0.5,18,1078,975,32,0.15213734567162987,49,7083,1,1,0,25862,close
org/apache/solr/handler/component,org/apache/solr/handler/component/HttpShardHandler.java,295,3,0.15157894736842106,315,1.0,1,82,MS_SHOULD_BE_FINAL,0,0.019970774476376036,0.0,0.0,0.5125,0.0208203125,0.11875,0.0,2,45,975,3,0.13763305888954028,0,7083,0,0,0,25862,close
org/apache/solr/handler/component,org/apache/solr/handler/component/HttpShardHandlerFactory.java,295,1,0.1890909090909091,169,1.0,1,82,MS_SHOULD_BE_FINAL,0,0.019970774476376036,0.0,0.0,0.5125,0.0208203125,0.11875,1.0,30,1378,975,2,0.08489600989965197,1,7083,1,1,1,25862,close
org/apache/solr/handler/component,org/apache/solr/handler/component/RealTimeGetComponent.java,295,1,0.35949764521193095,462,1.0,1,82,MS_SHOULD_BE_FINAL,0,0.019970774476376036,0.0,0.0,0.5125,0.0208203125,0.11875,-0.75,8,516,975,1,0.14871509561362142,0,7083,1,1,1,25862,open
org/apache/solr/handler/component,org/apache/solr/handler/component/RealTimeGetComponent.java,295,1,0.1130298273155416,462,1.0,1,82,MS_SHOULD_BE_FINAL,0,0.019970774476376036,0.0,0.0,0.5125,0.0208203125,0.11875,-0.75,25,1161,975,1,0.14871509561362142,0,7083,1,1,1,25862,close
org/apache/solr/handler/component,org/apache/solr/handler/component/ResponseBuilder.java,295,2,0.26849894291754756,326,1.0,1,82,MS_SHOULD_BE_FINAL,0,0.019970774476376036,0.0,0.0,0.5125,0.0208203125,0.11875,-1.0,30,1675,975,0,0.07421004016978987,0,7083,1,1,1,25862,open
org/apache/solr/handler/component,org/apache/solr/handler/component/ResponseBuilder.java,295,2,0.2642706131078224,326,1.0,1,82,MS_SHOULD_BE_FINAL,0,0.019970774476376036,0.0,0.0,0.5125,0.0208203125,0.11875,-1.0,30,1675,975,0,0.07421004016978987,0,7083,1,1,1,25862,open
org/apache/solr/handler/component,org/apache/solr/handler/component/ResponseBuilder.java,295,2,0.266384778012685,326,1.0,1,82,MS_SHOULD_BE_FINAL,0,0.019970774476376036,0.0,0.0,0.5125,0.0208203125,0.11875,-1.0,30,1675,975,0,0.07421004016978987,0,7083,1,1,1,25862,open
org/apache/solr/handler/component,org/apache/solr/handler/component/ResponseBuilder.java,295,2,0.26004228329809725,326,1.0,1,82,MS_SHOULD_BE_FINAL,0,0.019970774476376036,0.0,0.0,0.5125,0.0208203125,0.11875,-1.0,30,1675,975,0,0.07421004016978987,0,7083,1,1,1,25862,open
org/apache/solr/handler/component,org/apache/solr/handler/component/ResponseBuilder.java,295,2,0.25792811839323465,326,1.0,1,82,MS_SHOULD_BE_FINAL,0,0.019970774476376036,0.0,0.0,0.5125,0.0208203125,0.11875,-1.0,30,1675,975,0,0.07421004016978987,0,7083,1,1,1,25862,open
org/apache/solr/handler/component,org/apache/solr/handler/component/ResponseBuilder.java,295,2,0.26215644820295986,326,1.0,1,82,MS_SHOULD_BE_FINAL,0,0.019970774476376036,0.0,0.0,0.5125,0.0208203125,0.11875,-1.0,19,1291,975,0,0.07421004016978987,0,7083,1,1,0,25862,open
org/apache/solr/handler/component,org/apache/solr/handler/component/SearchHandler.java,295,2,0.1619047619047619,312,1.0,1,82,MS_SHOULD_BE_FINAL,0,0.019970774476376036,0.0,0.0,0.5125,0.0208203125,0.11875,0.0,45,2385,975,8,0.08926386366983725,0,7083,1,1,1,25862,close
org/apache/solr/handler/component,org/apache/solr/handler/component/ShardRequest.java,295,1,0.36,37,1.0,1,82,MS_MUTABLE_ARRAY,0,0.019970774476376036,0.0,0.0,0.08333333333333333,0.00636574074074074,-0.4166666666666667,-1.0,17,2590,975,0,0.03473097788944165,0,7083,1,1,1,25862,open
org/apache/solr/handler/dataimport,org/apache/solr/handler/dataimport/FieldStreamDataSource.java,1257,1,0.7916666666666666,51,0.4666666666666667,1,68,DP_DO_INSIDE_DO_PRIVILEGED,3,0.016561130053580127,7.306380905991232E-4,1.0,0.75,0.015625,0.5,0.5,9,1888,-47,6,0.021211587339807998,0,4677,0,1,1,18247,close
org/apache/solr/handler/loader,org/apache/solr/handler/loader/JavabinLoader.java,120,2,0.31875,124,1.0,1,8,MS_SHOULD_BE_FINAL,0,0.001948368241597662,0.0,0.0,0.5125,0.0208203125,0.11875,1.0,7,1057,-9,0,0.08754494093477144,0,824,1,0,1,25862,close
org/apache/solr/handler/loader,org/apache/solr/handler/loader/XMLLoader.java,120,1,0.14688128772635814,389,1.0,1,8,MS_SHOULD_BE_FINAL,0,0.001948368241597662,0.0,0.0,0.5125,0.0208203125,0.11875,-0.3333333333333333,13,1057,-9,0,0.1124321481959273,0,824,1,1,0,1924,close
org/apache/solr/highlight,org/apache/solr/highlight/DefaultSolrHighlighter.java,248,7,0.10126582278481013,542,1.0,1,14,MS_SHOULD_BE_FINAL,0,0.0034096444227959084,0.0,0.0,0.5125,0.0208203125,0.11875,-0.6666666666666666,49,1907,-11,26,0.13193052169710517,0,1469,0,1,1,2079,close
org/apache/solr/highlight,org/apache/solr/highlight/SolrHighlighter.java,248,1,0.33636363636363636,55,1.0,1,14,MS_SHOULD_BE_FINAL,0,0.0034096444227959084,0.0,0.0,0.5125,0.0208203125,0.11875,0.0,2,451,-11,2,0.10635889539879903,0,1469,0,1,0,25862,open
org/apache/solr/highlight,org/apache/solr/highlight/SolrHighlighter.java,248,1,0.34545454545454546,55,1.0,1,14,MS_SHOULD_BE_FINAL,0,0.0034096444227959084,0.0,0.0,0.5125,0.0208203125,0.11875,0.0,15,2283,-11,2,0.10635889539879903,0,1469,0,1,1,25862,close
org/apache/solr/internal/csv,org/apache/solr/internal/csv/CSVStrategy.java,685,1,0.2913907284768212,92,1.0,1,14,MS_SHOULD_BE_FINAL,0,0.0034096444227959084,0.0,0.0,0.5125,0.0208203125,0.11875,-0.14285714285714285,2,1096,17,0,0.007330675339921863,0,1512,0,1,0,25862,open
org/apache/solr/internal/csv,org/apache/solr/internal/csv/CSVStrategy.java,685,1,0.31788079470198677,92,1.0,1,14,MS_SHOULD_BE_FINAL,0,0.0034096444227959084,0.0,0.0,0.5125,0.0208203125,0.11875,-0.14285714285714285,2,1096,17,0,0.007330675339921863,0,1512,0,1,0,25862,close
org/apache/solr/internal/csv,org/apache/solr/internal/csv/CSVStrategy.java,685,1,0.304635761589404,92,1.0,1,14,MS_SHOULD_BE_FINAL,0,0.0034096444227959084,0.0,0.0,0.5125,0.0208203125,0.11875,-0.14285714285714285,2,1096,17,0,0.007330675339921863,0,1512,0,1,0,25862,open
org/apache/solr/internal/csv,org/apache/solr/internal/csv/CSVStrategy.java,685,1,0.2980132450331126,92,1.0,1,14,MS_SHOULD_BE_FINAL,0,0.0034096444227959084,0.0,0.0,0.5125,0.0208203125,0.11875,-0.14285714285714285,2,1096,17,0,0.007330675339921863,0,1512,0,1,0,25862,open
org/apache/solr/internal/csv,org/apache/solr/internal/csv/CSVStrategy.java,685,1,0.33112582781456956,92,1.0,1,14,MS_SHOULD_BE_FINAL,0,0.0034096444227959084,0.0,0.0,0.5125,0.0208203125,0.11875,-0.14285714285714285,2,1096,17,0,0.007330675339921863,0,1512,0,1,0,25862,close
org/apache/solr/internal/csv,org/apache/solr/internal/csv/CSVStrategy.java,685,1,0.3443708609271523,92,1.0,1,14,MS_SHOULD_BE_FINAL,0,0.0034096444227959084,0.0,0.0,0.5125,0.0208203125,0.11875,-0.14285714285714285,2,1096,17,0,0.007330675339921863,0,1512,0,1,0,25862,close
org/apache/solr/internal/csv,org/apache/solr/internal/csv/CharBuffer.java,685,1,0.8341232227488151,95,0.375,1,14,EI_EXPOSE_REP,1,0.0034096444227959084,2.4354603019970775E-4,-1.0,0.23728813559322035,0.015081873024992818,-0.4745762711864407,-1.0,4,1096,17,0,0.013674369785532825,0,1512,0,1,0,25862,open
org/apache/solr/parser,org/apache/solr/parser/ParseException.java,1891,1,0.1925133689839572,110,0.6666666666666666,1,43,EI_EXPOSE_REP2,2,0.010472479298587432,4.870920603994155E-4,-1.0,0.16304347826086957,0.011371691871455576,-0.6086956521739131,-1.0,2,858,58,0,0.1172316384180791,0,240,0,0,0,25862,open
org/apache/solr/parser,org/apache/solr/parser/ParseException.java,1891,1,0.19786096256684493,110,0.8333333333333334,1,43,EI_EXPOSE_REP2,2,0.010472479298587432,4.870920603994155E-4,-1.0,0.16304347826086957,0.011371691871455576,-0.6086956521739131,-1.0,2,858,58,0,0.1172316384180791,0,240,0,0,0,25862,open
org/apache/solr/parser,org/apache/solr/parser/QueryParserConstants.java,1891,1,0.6984126984126984,77,1.0,1,43,MS_OOI_PKGPROTECT,0,0.010472479298587432,0.0,0.0,0.0,0.0,-1.0,-1.0,1,858,58,0,0.2080536912751678,0,240,0,0,0,25862,open
org/apache/solr/parser,org/apache/solr/parser/QueryParserTokenManager.java,1891,1,0.8427876823338736,1202,1.0,1,43,MS_PKGPROTECT,0,0.010472479298587432,0.0,0.0,0.25806451612903225,0.015955601803676726,-0.3548387096774194,-1.0,4,4949,58,6,0.2664279622312052,3,240,0,0,0,25862,open
org/apache/solr/parser,org/apache/solr/parser/QueryParserTokenManager.java,1891,1,0.8322528363047001,1202,1.0,1,43,MS_PKGPROTECT,0,0.010472479298587432,0.0,0.0,0.25806451612903225,0.015955601803676726,-0.3548387096774194,-1.0,4,4949,58,6,0.2664279622312052,3,240,0,0,0,25862,open
org/apache/solr/parser,org/apache/solr/parser/QueryParserTokenManager.java,1891,1,0.8371150729335495,1202,1.0,1,43,MS_PKGPROTECT,0,0.010472479298587432,0.0,0.0,0.25806451612903225,0.015955601803676726,-0.3548387096774194,-1.0,4,4949,58,6,0.2664279622312052,3,240,0,0,0,25862,open
org/apache/solr/request,org/apache/solr/request/LocalSolrQueryRequest.java,171,1,0.5138888888888888,39,1.0,1,24,MS_MUTABLE_COLLECTION_PKGPROTECT,0,0.0058451047247929854,0.0,0.0,0.5,0.020833333333333332,0.0,-1.0,15,3351,-133,0,0.013331396067167232,0,678,0,1,1,25862,open
org/apache/solr/request,org/apache/solr/request/SolrRequestInfo.java,171,1,0.6357142857142857,97,0.2692307692307692,0,24,EI_EXPOSE_REP,2,0.0058451047247929854,4.870920603994155E-4,-1.0,0.23728813559322035,0.015081873024992818,-0.4745762711864407,-1.0,10,1569,-133,0,0.11519392305479437,0,678,0,1,1,25862,open
org/apache/solr/response,org/apache/solr/response/BinaryResponseWriter.java,2335,2,0.15714285714285714,214,1.0,1,68,MS_MUTABLE_COLLECTION_PKGPROTECT,0,0.016561130053580127,0.0,0.0,0.5,0.020833333333333332,0.0,1.0,3,384,75,0,0.11327908285404277,0,1895,1,1,0,2079,close
org/apache/solr/response/transform,org/apache/solr/response/transform/TransformerFactory.java,385,1,0.8461538461538461,24,1.0,1,7,MS_MUTABLE_COLLECTION,0,0.0017048222113979542,0.0,0.0,1.0,0.0,1.0,1.0,1,384,17,0,0.006583866854000047,0,340,0,1,0,15273,close
org/apache/solr/schema,org/apache/solr/schema/BoolField.java,1129,6,0.284,185,1.0,1,72,MS_PKGPROTECT,0,0.01753531417437896,0.0,0.0,0.25806451612903225,0.015955601803676726,-0.3548387096774194,-1.0,44,2053,272,0,0.025160113858197802,0,6380,0,1,1,25862,open
org/apache/solr/schema,org/apache/solr/schema/BoolField.java,1129,6,0.28,185,1.0,1,72,MS_PKGPROTECT,0,0.01753531417437896,0.0,0.0,0.25806451612903225,0.015955601803676726,-0.3548387096774194,-1.0,44,2053,272,0,0.025160113858197802,0,6380,0,1,1,25862,open
org/apache/solr/schema,org/apache/solr/schema/CurrencyField.java,1129,7,0.08196721311475409,677,1.0,1,72,MS_SHOULD_BE_FINAL,0,0.01753531417437896,0.0,0.0,0.5125,0.0208203125,0.11875,-0.75,33,1117,272,11,0.10021900448121801,0,6380,1,1,0,25862,close
org/apache/solr/schema,org/apache/solr/schema/IndexSchema.java,1129,12,0.08489525909592062,1088,1.0,1,72,EI_EXPOSE_REP,1,0.01753531417437896,2.4354603019970775E-4,-1.0,0.23728813559322035,0.015081873024992818,-0.4745762711864407,-0.7777777777777778,41,755,272,16,0.12512720065314645,12,6380,0,1,0,25862,open
org/apache/solr/schema,org/apache/solr/schema/IndexSchema.java,1129,12,0.07607497243660419,1088,1.0,1,72,EI_EXPOSE_REP,1,0.01753531417437896,2.4354603019970775E-4,-1.0,0.23728813559322035,0.015081873024992818,-0.4745762711864407,-0.7777777777777778,41,755,272,16,0.12512720065314645,12,6380,0,1,0,25862,open
org/apache/solr/schema,org/apache/solr/schema/OpenExchangeRatesOrgProvider.java,1129,2,0.19649122807017544,198,1.0,1,72,MS_SHOULD_BE_FINAL,0,0.01753531417437896,0.0,0.0,0.5125,0.0208203125,0.11875,0.0,14,1097,272,0,0.16160306200870522,0,6380,0,1,0,25862,close
org/apache/solr/search,org/apache/solr/search/BoostQParserPlugin.java,4315,2,0.45054945054945056,52,1.0,1,188,MS_SHOULD_BE_FINAL,0,0.04578665367754506,0.0,0.0,0.5125,0.0208203125,0.11875,-1.0,19,2717,843,0,0.02113233332944749,0,9480,0,1,1,25862,open
org/apache/solr/search,org/apache/solr/search/DocSlice.java,4315,2,0.2752808988764045,114,0.5,1,188,EI_EXPOSE_REP2,2,0.04578665367754506,4.870920603994155E-4,-1.0,0.16304347826086957,0.011371691871455576,-0.6086956521739131,-1.0,18,3351,843,0,0.0613074026647946,0,9480,0,1,1,25862,open
org/apache/solr/search,org/apache/solr/search/DocSlice.java,4315,2,0.2808988764044944,114,0.625,1,188,EI_EXPOSE_REP2,2,0.04578665367754506,4.870920603994155E-4,-1.0,0.16304347826086957,0.011371691871455576,-0.6086956521739131,-1.0,18,3351,843,0,0.0613074026647946,0,9480,0,1,1,25862,open
org/apache/solr/search,org/apache/solr/search/HashQParserPlugin.java,4315,12,0.4435028248587571,271,1.0,1,188,EI_EXPOSE_REP2,1,0.04578665367754506,2.4354603019970775E-4,-1.0,0.16304347826086957,0.011371691871455576,-0.6086956521739131,-0.5384615384615384,1,21,843,40,0.4368932038834951,2,9480,0,0,0,25862,open
org/apache/solr/search,org/apache/solr/search/SolrQueryTimeoutImpl.java,4315,2,0.4069767441860465,35,1.0,1,188,MS_SHOULD_BE_FINAL,0,0.04578665367754506,0.0,0.0,0.5125,0.0208203125,0.11875,1.0,0,187,843,0,0.05204163330664532,0,9480,0,0,0,25862,close
org/apache/solr/search,org/apache/solr/search/SortedIntDocSet.java,4315,5,0.06598984771573604,553,1.0,1,188,EI_EXPOSE_REP,1,0.04578665367754506,2.4354603019970775E-4,-1.0,0.23728813559322035,0.015081873024992818,-0.4745762711864407,-1.0,31,2141,843,4,0.07120235202249402,0,9480,0,1,1,25862,open
org/apache/solr/search,org/apache/solr/search/SortedIntDocSet.java,4315,5,0.050761421319796954,553,0.6666666666666666,1,188,EI_EXPOSE_REP2,1,0.04578665367754506,2.4354603019970775E-4,-1.0,0.16304347826086957,0.011371691871455576,-0.6086956521739131,-1.0,31,2141,843,4,0.07120235202249402,0,9480,0,1,1,25862,open
org/apache/solr/search,org/apache/solr/search/SortedIntDocSet.java,4315,5,0.07868020304568528,553,1.0,1,188,MS_SHOULD_BE_FINAL,0,0.04578665367754506,0.0,0.0,0.5125,0.0208203125,0.11875,-1.0,31,2141,843,4,0.07120235202249402,0,9480,0,1,1,25862,open
org/apache/solr/search,org/apache/solr/search/SortedIntDocSet.java,4315,5,0.0799492385786802,553,1.0,1,188,MS_SHOULD_BE_FINAL,0,0.04578665367754506,0.0,0.0,0.5125,0.0208203125,0.11875,-1.0,31,2141,843,4,0.07120235202249402,0,9480,0,1,1,25862,open
org/apache/solr/search,org/apache/solr/search/SwitchQParserPlugin.java,4315,2,0.7323232323232324,46,1.0,1,188,MS_SHOULD_BE_FINAL,0,0.04578665367754506,0.0,0.0,0.5125,0.0208203125,0.11875,-1.0,2,764,843,0,0.3389242336610757,0,9480,0,0,0,25862,open
org/apache/solr/search,org/apache/solr/search/SwitchQParserPlugin.java,4315,2,0.7676767676767676,46,1.0,1,188,MS_SHOULD_BE_FINAL,0,0.04578665367754506,0.0,0.0,0.5125,0.0208203125,0.11875,-1.0,2,764,843,0,0.3389242336610757,0,9480,0,0,0,25862,open
org/apache/solr/search/facet,org/apache/solr/search/facet/UniqueAgg.java,460,2,0.34146341463414637,52,1.0,1,47,MS_SHOULD_BE_FINAL,0,0.011446663419386265,0.0,0.0,0.5125,0.0208203125,0.11875,-1.0,0,15,1590,0,0.008755561934835654,0,1590,0,0,0,25862,open
org/apache/solr/search/grouping,org/apache/solr/search/grouping/GroupingSpecification.java,93,1,0.27380952380952384,112,0.6666666666666666,1,6,EI_EXPOSE_REP,1,0.0014612761811982464,2.4354603019970775E-4,-1.0,0.23728813559322035,0.015081873024992818,-0.4745762711864407,-1.0,1,1291,21,0,0.03308823529411765,0,96,0,0,0,25862,open
org/apache/solr/search/grouping,org/apache/solr/search/grouping/GroupingSpecification.java,93,1,0.4166666666666667,112,0.6666666666666666,1,6,EI_EXPOSE_REP,1,0.0014612761811982464,2.4354603019970775E-4,-1.0,0.23728813559322035,0.015081873024992818,-0.4745762711864407,-1.0,1,1291,21,0,0.03308823529411765,0,96,0,0,0,25862,open
org/apache/solr/search/grouping,org/apache/solr/search/grouping/GroupingSpecification.java,93,1,0.34523809523809523,112,0.6666666666666666,1,6,EI_EXPOSE_REP,1,0.0014612761811982464,2.4354603019970775E-4,-1.0,0.23728813559322035,0.015081873024992818,-0.4745762711864407,-1.0,1,1291,21,0,0.03308823529411765,0,96,0,0,0,25862,open
org/apache/solr/search/grouping,org/apache/solr/search/grouping/GroupingSpecification.java,93,1,0.32142857142857145,112,0.8333333333333334,1,6,EI_EXPOSE_REP2,1,0.0014612761811982464,2.4354603019970775E-4,-1.0,0.16304347826086957,0.011371691871455576,-0.6086956521739131,-1.0,1,1291,21,0,0.03308823529411765,0,96,0,0,0,25862,open
org/apache/solr/search/grouping,org/apache/solr/search/grouping/GroupingSpecification.java,93,1,0.4642857142857143,112,0.8333333333333334,1,6,EI_EXPOSE_REP2,1,0.0014612761811982464,2.4354603019970775E-4,-1.0,0.16304347826086957,0.011371691871455576,-0.6086956521739131,-1.0,1,1291,21,0,0.03308823529411765,0,96,0,0,0,25862,open
org/apache/solr/search/grouping,org/apache/solr/search/grouping/GroupingSpecification.java,93,1,0.39285714285714285,112,0.8333333333333334,2,6,EI_EXPOSE_REP2,1,0.0014612761811982464,2.4354603019970775E-4,-1.0,0.16304347826086957,0.011371691871455576,-0.6086956521739131,-1.0,1,1291,21,0,0.03308823529411765,0,96,0,0,0,25862,open
org/apache/solr/spelling/suggest,org/apache/solr/spelling/suggest/DictionaryFactory.java,349,1,0.625,14,1.0,1,11,MS_SHOULD_BE_FINAL,0,0.002679006332196785,0.0,0.0,0.5125,0.0208203125,0.11875,-1.0,0,493,29,0,0.05419580419580419,0,403,1,0,0,25862,open
org/apache/solr/spelling/suggest,org/apache/solr/spelling/suggest/DictionaryFactory.java,349,1,0.6875,14,1.0,1,11,MS_SHOULD_BE_FINAL,0,0.002679006332196785,0.0,0.0,0.5125,0.0208203125,0.11875,-1.0,0,493,29,0,0.05419580419580419,0,403,1,0,0,25862,open
org/apache/solr/store/blockcache,org/apache/solr/store/blockcache/BlockDirectory.java,676,4,0.11764705882352941,257,1.0,1,2,MS_SHOULD_BE_FINAL,0,4.870920603994155E-4,0.0,0.0,0.5125,0.0208203125,0.11875,0.0,8,643,12,0,0.05826985402001332,0,1097,0,1,1,1924,close
org/apache/solr/store/hdfs,org/apache/solr/store/hdfs/HdfsDirectory.java,149,2,0.1762295081967213,192,1.0,1,3,MS_SHOULD_BE_FINAL,0,7.306380905991232E-4,0.0,0.0,0.5125,0.0208203125,0.11875,1.0,18,643,17,3,0.04130748331115995,0,340,0,1,1,1944,close
org/apache/solr/store/hdfs,org/apache/solr/store/hdfs/HdfsFileReader.java,149,1,0.34285714285714286,67,1.0,1,3,MS_SHOULD_BE_FINAL,0,7.306380905991232E-4,0.0,0.0,0.5125,0.0208203125,0.11875,1.0,1,643,17,0,0.004405286343612335,0,340,0,0,1,1924,close
org/apache/solr/store/hdfs,org/apache/solr/store/hdfs/HdfsLockFactory.java,149,2,0.26811594202898553,104,1.0,1,3,MS_SHOULD_BE_FINAL,0,7.306380905991232E-4,0.0,0.0,0.5125,0.0208203125,0.11875,1.0,5,480,17,3,0.10928645299690797,0,340,0,0,1,25862,close
org/apache/solr/uima/processor,org/apache/solr/uima/processor/SolrUIMAConfiguration.java,211,2,0.4745762711864407,73,0.6666666666666666,1,5,EI_EXPOSE_REP,1,0.0012177301509985387,2.4354603019970775E-4,-1.0,0.23728813559322035,0.015081873024992818,-0.4745762711864407,-1.0,8,1527,17,0,0.10514648507209604,0,208,0,1,0,25862,open
org/apache/solr/update,org/apache/solr/update/DefaultSolrCoreState.java,1172,2,0.09718670076726342,300,1.0,1,80,MS_SHOULD_BE_FINAL,0,0.01948368241597662,0.0,0.0,0.5125,0.0208203125,0.11875,0.3333333333333333,48,1157,109,1,0.100457506282559,0,3746,0,0,1,25862,close
org/apache/solr/update,org/apache/solr/update/DirectUpdateHandler2.java,1172,1,0.7980132450331126,657,1.0,1,80,MS_CANNOT_BE_FINAL,0,0.01948368241597662,0.0,0.0,0.6666666666666666,0.01851851851851852,0.3333333333333333,0.3333333333333333,59,1161,109,5,0.11153475628951509,0,3746,1,1,1,25862,close
org/apache/solr/update,org/apache/solr/update/HdfsTransactionLog.java,1172,6,0.09900990099009901,410,1.0,1,80,MS_SHOULD_BE_FINAL,0,0.01948368241597662,0.0,0.0,0.5125,0.0208203125,0.11875,-0.5,7,643,109,1,0.12899233747272815,0,3746,0,1,1,25862,close
org/apache/solr/update,org/apache/solr/update/HdfsUpdateLog.java,1172,3,0.13624678663239073,269,1.0,1,80,MS_SHOULD_BE_FINAL,0,0.01948368241597662,0.0,0.0,0.5125,0.0208203125,0.11875,-1.0,3,61,109,19,0.0939230314812016,22,3746,0,0,1,25862,open
org/apache/solr/update,org/apache/solr/update/PeerSync.java,1172,4,0.10051107325383304,410,1.0,1,80,MS_SHOULD_BE_FINAL,0,0.01948368241597662,0.0,0.0,0.5125,0.0208203125,0.11875,-0.8181818181818182,32,1161,109,2,0.04810158503448231,0,3746,1,1,1,25862,close
org/apache/solr/update,org/apache/solr/update/SolrCmdDistributor.java,1172,9,0.10054844606946983,426,1.0,1,80,MS_SHOULD_BE_FINAL,0,0.01948368241597662,0.0,0.0,0.5125,0.0208203125,0.11875,-0.7777777777777778,51,1028,109,1,0.15331871915879655,0,3746,1,1,1,25862,close
org/apache/solr/update,org/apache/solr/update/SolrCoreState.java,1172,2,0.2565789473684211,65,1.0,1,80,MS_SHOULD_BE_FINAL,0,0.01948368241597662,0.0,0.0,0.5125,0.0208203125,0.11875,1.0,8,774,109,0,0.030501437499348954,0,3746,0,0,1,25862,close
org/apache/solr/update,org/apache/solr/update/SolrIndexSplitter.java,1172,2,0.19844357976653695,193,1.0,1,80,MS_SHOULD_BE_FINAL,0,0.01948368241597662,0.0,0.0,0.5125,0.0208203125,0.11875,1.0,28,943,109,3,0.0714576591088249,0,3746,1,1,1,25862,close
org/apache/solr/update,org/apache/solr/update/StreamingSolrClients.java,1172,2,0.33076923076923076,96,1.0,1,80,MS_SHOULD_BE_FINAL,0,0.01948368241597662,0.0,0.0,0.5125,0.0208203125,0.11875,0.0,1,90,109,1,0.0012515644555694619,0,3746,0,0,0,25862,close
org/apache/solr/update,org/apache/solr/update/TransactionLog.java,1172,8,0.07692307692307693,577,1.0,1,80,MS_SHOULD_BE_FINAL,0,0.01948368241597662,0.0,0.0,0.5125,0.0208203125,0.11875,-0.6666666666666666,18,1161,109,2,0.0577978919103199,0,3746,1,1,1,25862,close
org/apache/solr/update,org/apache/solr/update/UpdateCommand.java,1172,1,0.32673267326732675,65,1.0,1,80,MS_SHOULD_BE_FINAL,0,0.01948368241597662,0.0,0.0,0.5125,0.0208203125,0.11875,-1.0,6,1161,109,0,0.06412094787854104,0,3746,0,0,1,25862,open
org/apache/solr/update,org/apache/solr/update/UpdateCommand.java,1172,1,0.3564356435643564,65,1.0,1,80,MS_SHOULD_BE_FINAL,0,0.01948368241597662,0.0,0.0,0.5125,0.0208203125,0.11875,-1.0,6,1161,109,0,0.06412094787854104,0,3746,0,0,1,25862,open
org/apache/solr/update,org/apache/solr/update/UpdateCommand.java,1172,1,0.3465346534653465,65,1.0,1,80,MS_SHOULD_BE_FINAL,0,0.01948368241597662,0.0,0.0,0.5125,0.0208203125,0.11875,-1.0,6,1161,109,0,0.06412094787854104,0,3746,0,0,1,25862,open
org/apache/solr/update,org/apache/solr/update/UpdateCommand.java,1172,1,0.33663366336633666,65,1.0,1,80,MS_SHOULD_BE_FINAL,0,0.01948368241597662,0.0,0.0,0.5125,0.0208203125,0.11875,-1.0,6,1161,109,0,0.06412094787854104,0,3746,0,0,1,25862,open
org/apache/solr/update,org/apache/solr/update/UpdateCommand.java,1172,1,0.36633663366336633,65,1.0,1,80,MS_SHOULD_BE_FINAL,0,0.01948368241597662,0.0,0.0,0.5125,0.0208203125,0.11875,-1.0,4,1001,109,0,0.06412094787854104,0,3746,0,0,1,25862,open
org/apache/solr/update,org/apache/solr/update/UpdateLog.java,1172,12,0.047963206307490146,1084,1.0,1,80,MS_SHOULD_BE_FINAL,0,0.01948368241597662,0.0,0.0,0.5125,0.0208203125,0.11875,-0.8666666666666667,44,1119,109,3,0.09421255731487026,0,3746,1,1,1,25862,open
org/apache/solr/update,org/apache/solr/update/UpdateLog.java,1172,12,0.04862023653088042,1084,1.0,1,80,MS_SHOULD_BE_FINAL,0,0.01948368241597662,0.0,0.0,0.5125,0.0208203125,0.11875,-0.8666666666666667,55,1161,109,3,0.09421255731487026,0,3746,1,1,1,25862,open
org/apache/solr/update,org/apache/solr/update/UpdateLog.java,1172,12,0.04993429697766097,1084,1.0,1,80,MS_SHOULD_BE_FINAL,0,0.01948368241597662,0.0,0.0,0.5125,0.0208203125,0.11875,-0.8666666666666667,55,1161,109,3,0.09421255731487026,0,3746,1,1,1,25862,close
org/apache/solr/update/processor,org/apache/solr/update/processor/StatelessScriptUpdateProcessorFactory.java,1346,5,0.3144016227180527,275,1.0,1,50,MS_SHOULD_BE_FINAL,0,0.012177301509985387,0.0,0.0,0.5125,0.0208203125,0.11875,0.0,6,992,369,1,0.17512322393488344,0,4854,1,1,0,25862,close
org/apache/solr/util,org/apache/solr/util/AbstractSolrTestCase.java,1440,1,0.47058823529411764,52,1.0,1,109,MS_SHOULD_BE_FINAL,0,0.026546517291768143,0.0,0.0,0.5125,0.0208203125,0.11875,1.0,35,2011,362,0,0.03887797222783272,0,4141,0,1,1,25862,close
org/apache/solr/util,org/apache/solr/util/ExternalPaths.java,1440,1,0.6506024096385542,35,1.0,1,109,MS_SHOULD_BE_FINAL,0,0.026546517291768143,0.0,0.0,0.5125,0.0208203125,0.11875,-1.0,1,151,362,0,0.03784274739440612,0,4141,0,0,0,25862,open
org/apache/solr/util,org/apache/solr/util/ExternalPaths.java,1440,1,0.6024096385542169,35,1.0,1,109,MS_SHOULD_BE_FINAL,0,0.026546517291768143,0.0,0.0,0.5125,0.0208203125,0.11875,-1.0,1,151,362,0,0.03784274739440612,0,4141,0,0,0,25862,open
org/apache/solr/util,org/apache/solr/util/ExternalPaths.java,1440,1,0.6265060240963856,35,1.0,1,109,MS_SHOULD_BE_FINAL,0,0.026546517291768143,0.0,0.0,0.5125,0.0208203125,0.11875,-1.0,1,151,362,0,0.03784274739440612,0,4141,0,0,0,25862,open
org/apache/solr/util,org/apache/solr/util/ExternalPaths.java,1440,1,0.5662650602409639,35,1.0,1,109,MS_SHOULD_BE_FINAL,0,0.026546517291768143,0.0,0.0,0.5125,0.0208203125,0.11875,-1.0,12,4949,362,0,0.03784274739440612,0,4141,0,1,1,25862,open
org/apache/solr/util,org/apache/solr/util/FSHDFSUtils.java,1440,2,0.19900497512437812,108,1.0,1,109,MS_SHOULD_BE_FINAL,0,0.026546517291768143,0.0,0.0,0.5125,0.0208203125,0.11875,1.0,1,61,362,11,0.19858156028368795,6,4141,0,0,1,25862,close
org/apache/solr/util,org/apache/solr/util/FastWriter.java,1440,1,0.25316455696202533,107,0.6,1,109,EI_EXPOSE_REP2,1,0.026546517291768143,2.4354603019970775E-4,-1.0,0.16304347826086957,0.011371691871455576,-0.6086956521739131,-1.0,3,1083,362,0,0.04424778761061947,0,4141,0,0,0,25862,open
org/apache/solr/util,org/apache/solr/util/LongPriorityQueue.java,1440,1,0.7702127659574468,145,0.6666666666666666,1,109,EI_EXPOSE_REP,1,0.026546517291768143,2.4354603019970775E-4,-1.0,0.23728813559322035,0.015081873024992818,-0.4745762711864407,-1.0,4,1670,362,1,0.14309424264968312,0,4141,0,1,0,25862,open
org/apache/solr/util,org/apache/solr/util/LongPriorityQueue.java,1440,1,0.8340425531914893,145,0.9,2,109,EI_EXPOSE_REP,1,0.026546517291768143,2.4354603019970775E-4,-1.0,0.23728813559322035,0.015081873024992818,-0.4745762711864407,-1.0,4,1670,362,1,0.14309424264968312,0,4141,0,1,0,25862,open
org/apache/solr/util,org/apache/solr/util/RandomMergePolicy.java,1440,1,0.42105263157894735,52,1.0,1,109,MS_SHOULD_BE_FINAL,0,0.026546517291768143,0.0,0.0,0.5125,0.0208203125,0.11875,1.0,4,592,362,0,0.034652281165988515,0,4141,0,0,0,25862,close
org/apache/solr/util,org/apache/solr/util/SSLTestConfig.java,1440,3,0.33884297520661155,77,1.0,1,109,MS_SHOULD_BE_FINAL,0,0.026546517291768143,0.0,0.0,0.5125,0.0208203125,0.11875,-1.0,2,151,362,1,0.06797675949005152,0,4141,0,0,1,25862,open
org/apache/solr/util,org/apache/solr/util/SolrCLI.java,1440,15,0.09371362048894064,1333,1.0,1,109,MS_FINAL_PKGPROTECT,0,0.026546517291768143,0.0,0.0,0.5,0.020833333333333332,0.0,-0.5,15,237,362,12,0.13686990910027452,0,4141,0,0,1,25862,open
org/apache/solr/util,org/apache/solr/util/SolrCLI.java,1440,15,0.08381839348079162,1333,1.0,1,109,MS_SHOULD_BE_FINAL,0,0.026546517291768143,0.0,0.0,0.5125,0.0208203125,0.11875,-0.5,15,237,362,12,0.13686990910027452,0,4141,0,0,1,25862,close
org/apache/solr/util/plugin,org/apache/solr/util/plugin/AbstractPluginLoader.java,48,2,0.14695340501792115,142,1.0,1,2,MS_SHOULD_BE_FINAL,0,4.870920603994155E-4,0.0,0.0,0.5125,0.0208203125,0.11875,1.0,17,2385,1,0,0.07086595383384414,0,389,1,1,1,25862,close
org/tartarus/snowball,org/tartarus/snowball/SnowballProgram.java,318,1,0.21912350597609562,372,0.6666666666666666,1,2,EI_EXPOSE_REP,1,4.870920603994155E-4,2.4354603019970775E-4,1.0,0.23728813559322035,0.015081873024992818,-0.4745762711864407,1.0,14,1907,17,0,0.0776939008077962,0,272,0,1,0,25862,close
org/tartarus/snowball,org/tartarus/snowball/SnowballProgram.java,318,1,0.17330677290836655,372,0.25,1,2,EI_EXPOSE_REP2,1,4.870920603994155E-4,2.4354603019970775E-4,1.0,0.16304347826086957,0.011371691871455576,-0.6086956521739131,1.0,13,1903,17,0,0.0776939008077962,0,272,0,1,0,25862,close
