F62,F65,F64,F67,F34,F66,F69,F68,F101,F102,F103,F104,F105,F107,F108,
3,27,520,1,8,53,1,7,0.15689149560117302,404,167,0.41336633663366334,0.6666666666666666,0,1,
14,27,520,1,8,53,1,7,0.33284457478005863,404,167,0.41336633663366334,0.35714285714285715,0,1,
14,27,520,1,8,53,1,7,0.3284457478005865,404,167,0.41336633663366334,0.14285714285714285,0,1,
13,8,67,1,0,8,2,1,0.9666666666666667,103,31,0.30097087378640774,1.0,8,1,
117,23,1062,5,0,44,21,13,0.3410981697171381,971,135,0.13903192584963955,1.0,0,1,
29,23,1062,5,12,44,5,13,0.9093178036605657,971,135,0.13903192584963955,0.41379310344827586,0,1,
95,23,1062,5,0,44,17,13,0.7029950083194676,971,135,0.13903192584963955,1.0,0,1,
0,23,1062,5,18,44,1,13,0.2628951747088186,971,135,0.13903192584963955,1.0,0,1,
0,23,1062,5,0,44,1,13,0.8768718801996672,971,135,0.13903192584963955,1.0,0,1,
0,23,1062,5,22,44,1,13,0.8627287853577371,971,135,0.13903192584963955,1.0,0,1,
33,7,1062,1,12,44,6,13,0.8054187192118226,246,123,0.5,0.9393939393939394,0,1,
23,7,1062,1,12,44,4,13,0.39901477832512317,246,123,0.5,0.2608695652173913,13,1,
0,1,1549,1,8,194,1,24,0.5087719298245614,35,17,0.4857142857142857,1.0,0,1,
3,6,1549,1,8,194,1,24,0.8909774436090225,77,35,0.45454545454545453,0.6666666666666666,0,0,
0,14,1549,1,9,194,1,24,0.19811320754716982,149,38,0.2550335570469799,1.0,0,1,
0,2,1549,1,7,194,1,24,0.4520547945205479,31,34,1.096774193548387,1.0,0,1,
83,19,1549,1,16,194,12,24,0.38441558441558443,200,135,0.675,0.6867469879518072,0,1,
20,19,1549,1,16,194,3,24,0.5194805194805194,200,135,0.675,0.3,0,1,
3,19,1549,1,6,194,1,24,0.5688311688311688,200,135,0.675,0.8333333333333334,0,0,
166,19,1549,1,0,194,23,24,0.38961038961038963,200,135,0.675,1.0,0,0,
0,19,1549,1,7,194,1,24,0.12727272727272726,200,135,0.675,1.0,0,1,
0,1,1549,1,8,194,1,24,0.55,36,17,0.4722222222222222,1.0,0,1,
0,4,1549,1,5,194,1,24,0.36607142857142855,60,31,0.5166666666666667,1.0,0,1,
0,40,1549,1,6,194,1,24,0.08941605839416059,379,83,0.21899736147757257,1.0,0,1,
0,25,1549,1,4,194,1,24,0.3051948051948052,104,19,0.18269230769230768,1.0,0,1,
0,19,1549,1,5,194,1,24,0.13307984790874525,149,72,0.48322147651006714,1.0,0,1,
0,3,1549,2,6,194,1,24,0.4111111111111111,50,29,0.58,1.0,0,1,
0,5,1549,2,6,194,1,24,0.205607476635514,117,57,0.48717948717948717,1.0,0,1,
3,21,1549,1,6,194,1,24,0.7554744525547445,149,87,0.5838926174496645,0.8333333333333334,0,0,
0,21,1549,1,6,194,1,24,0.16423357664233576,149,87,0.5838926174496645,1.0,0,1,
49,11,1289,4,8,116,14,21,0.503448275862069,261,104,0.39846743295019155,0.061224489795918366,35,1,
26,14,1289,1,8,116,6,21,0.4691689008042895,243,75,0.30864197530864196,0.11538461538461539,0,1,
288,14,1289,1,9,116,33,21,0.3699731903485255,243,75,0.30864197530864196,0.08940972222222222,24,0,
5,7,1289,1,8,116,1,21,0.6302521008403361,61,33,0.5409836065573771,0.6,0,1,
8,7,1289,1,8,116,2,21,0.8991596638655462,61,33,0.5409836065573771,0.875,4,1,
21,10,1289,4,8,116,6,21,0.8,184,21,0.11413043478260869,0.14285714285714285,0,1,
15,10,1289,4,8,116,3,21,0.904,184,21,0.11413043478260869,0.2,22,1,
22,13,1289,1,8,116,6,21,0.4491803278688525,188,72,0.3829787234042553,0.13636363636363635,0,1,
22,13,1289,1,8,116,6,21,0.30491803278688523,188,72,0.3829787234042553,0.13636363636363635,16,1,
5,7,1289,1,8,116,1,21,0.7448275862068966,64,55,0.859375,0.6,0,1,
5,7,1289,1,8,116,2,21,0.593103448275862,64,55,0.859375,0.8,8,1,
8,8,1289,1,8,116,1,21,0.5263157894736842,77,32,0.4155844155844156,0.375,6,1,
0,14,610,1,5,98,1,12,0.2523809523809524,75,111,1.48,1.0,0,1,
0,17,610,1,6,98,1,12,0.16988416988416988,113,122,1.079646017699115,1.0,0,1,
284,19,610,1,13,98,49,12,0.6013289036544851,188,76,0.40425531914893614,0.12441314553990611,31,1,
0,4,610,1,4,98,1,12,0.5689655172413793,25,23,0.92,1.0,0,1,
3,6,610,1,8,98,1,12,3.2658227848101267,25,44,1.76,0.6666666666666666,0,0,
3,6,610,1,6,98,1,12,3.1012658227848102,25,44,1.76,0.8333333333333334,0,0,
0,6,610,1,4,98,1,12,0.43037974683544306,25,44,1.76,1.0,0,1,
0,27,1318,1,5,239,1,22,0.13732394366197184,166,74,0.4457831325301205,1.0,0,1,
0,32,1318,1,5,239,1,22,0.12761020881670534,210,173,0.8238095238095238,1.0,0,1,
0,13,1318,1,6,239,1,22,0.27358490566037735,96,86,0.8958333333333334,1.0,0,1,
0,13,1318,1,5,239,1,22,0.23163841807909605,99,54,0.5454545454545454,1.0,0,1,
0,18,1318,1,6,239,1,22,0.27411167512690354,108,61,0.5648148148148148,1.0,0,1,
0,3,1318,1,5,239,1,22,0.6271186440677966,24,27,1.125,1.0,0,1,
0,3,1318,1,5,239,1,22,0.5636363636363636,21,26,1.2380952380952381,1.0,0,1,
0,4,1318,1,7,239,1,22,0.42045454545454547,42,35,0.8333333333333334,1.0,0,1,
0,14,1318,1,5,239,1,22,0.26277372262773724,83,32,0.3855421686746988,1.0,0,1,
0,7,1318,1,7,239,1,22,0.4365079365079365,62,52,0.8387096774193549,1.0,0,1,
0,0,1318,1,0,239,1,22,0.8518518518518519,5,17,3.4,1.0,0,1,
0,24,1318,2,6,239,1,22,0.17314487632508835,191,49,0.25654450261780104,1.0,0,1,
0,15,1318,1,7,239,1,22,0.14906832298136646,191,95,0.4973821989528796,1.0,0,1,
0,7,1318,1,5,239,1,22,0.26515151515151514,67,51,0.7611940298507462,1.0,0,1,
40,9,1251,1,8,168,1,26,0.48221343873517786,121,96,0.7933884297520661,0.125,11,0,
5,8,1251,1,8,168,1,26,0.5130434782608696,67,33,0.4925373134328358,0.6,0,1,
5,8,1251,1,8,168,1,26,0.6869565217391305,67,33,0.4925373134328358,0.6,3,1,
9,7,1251,1,8,168,3,26,0.43478260869565216,53,25,0.4716981132075472,0.3333333333333333,0,1,
18,7,1251,1,12,168,5,26,0.6956521739130435,53,25,0.4716981132075472,0.3055555555555556,9,0,
12,13,1251,3,8,168,3,26,0.33454545454545453,212,36,0.16981132075471697,0.25,0,1,
10,13,1251,3,16,168,3,26,0.509090909090909,212,36,0.16981132075471697,0.7,4,1,
9,7,1251,1,8,168,3,26,0.782608695652174,54,25,0.46296296296296297,0.3333333333333333,0,1,
18,7,1251,1,12,168,5,26,0.5978260869565217,54,25,0.46296296296296297,0.3055555555555556,9,0,
4,8,1251,1,8,168,1,26,0.7272727272727273,58,25,0.43103448275862066,0.75,0,1,
4,8,1251,1,8,168,1,26,0.5757575757575758,58,25,0.43103448275862066,0.75,6,1,
14,9,1251,1,8,168,3,26,0.8048780487804879,117,64,0.5470085470085471,0.6428571428571429,12,1,
48,7,1251,3,10,168,9,26,0.6580459770114943,118,31,0.2627118644067797,0.14583333333333334,0,0,
126,7,1251,3,12,168,13,26,0.4885057471264368,118,31,0.2627118644067797,0.0746031746031746,21,0,
10,6,1251,1,8,168,1,26,0.6611111111111111,48,29,0.6041666666666666,0.35,0,0,
14,6,1251,1,8,168,1,26,0.75,48,29,0.6041666666666666,0.25,6,0,
4,9,1251,1,8,168,1,26,0.5,83,58,0.6987951807228916,0.75,3,1,
15,10,749,1,0,87,1,17,0.505,141,38,0.2695035460992908,1.0,6,1,
0,4,749,1,4,87,1,17,0.6818181818181818,17,20,1.1764705882352942,1.0,0,1,
29,28,749,3,8,87,8,17,0.8316326530612245,420,95,0.2261904761904762,0.8620689655172413,0,1,
119,28,749,3,12,87,30,17,0.7687074829931972,420,95,0.2261904761904762,0.9831932773109243,68,1,
4,28,749,3,8,87,1,17,0.27380952380952384,420,95,0.2261904761904762,0.75,0,1,
119,28,749,3,20,87,30,17,0.9591836734693877,420,95,0.2261904761904762,0.9831932773109243,68,1,
119,28,749,3,0,87,30,17,0.48639455782312924,420,95,0.2261904761904762,1.0,68,1,
119,28,749,3,0,87,30,17,0.4710884353741497,420,95,0.2261904761904762,1.0,68,1,
0,15,495,1,0,52,1,12,0.3817427385892116,175,38,0.21714285714285714,1.0,0,1,
0,1,858,1,6,106,1,15,0.5918367346938775,27,17,0.6296296296296297,1.0,0,1,
0,2,858,1,5,106,1,15,0.463768115942029,41,19,0.4634146341463415,1.0,0,1,
0,11,858,2,13,106,1,15,0.6923076923076923,112,20,0.17857142857142858,1.0,0,1,
0,20,858,1,7,106,1,15,0.12461059190031153,194,78,0.4020618556701031,1.0,0,1,
0,1,858,1,5,106,1,15,0.6530612244897959,25,17,0.68,1.0,0,1,
0,30,858,1,7,106,1,15,0.09343936381709742,352,96,0.2727272727272727,1.0,0,1,
0,30,858,1,6,106,1,15,0.2046783625730994,220,81,0.36818181818181817,1.0,0,1,
10,11,402,1,8,35,1,3,0.43103448275862066,123,27,0.21951219512195122,0.3,10,1,
26,5,2132,1,16,245,7,48,0.6964285714285714,43,25,0.5813953488372093,0.23076923076923078,5,0,
38,6,2132,1,8,245,7,48,0.4838709677419355,90,32,0.35555555555555557,0.18421052631578946,22,2,
30,5,2132,1,8,245,5,48,0.4691358024691358,74,62,0.8378378378378378,0.1,32,1,
15,5,2132,1,8,245,2,48,0.6373626373626373,50,25,0.5,0.13333333333333333,9,1,
4,5,2132,1,8,245,1,48,0.7526881720430108,38,40,1.0526315789473684,0.5,2,1,
19,5,2132,1,8,245,5,48,0.6194690265486725,63,28,0.4444444444444444,0.10526315789473684,11,1,
5,5,2132,1,8,245,1,48,0.7241379310344828,40,31,0.775,0.4,2,2,
11,5,2132,1,8,245,2,48,0.6938775510204082,50,31,0.62,0.18181818181818182,4,2,
27,9,2132,1,12,245,3,48,0.40625,108,64,0.5925925925925926,0.14814814814814814,11,1,
33,5,2132,1,8,245,7,48,0.5874125874125874,81,35,0.43209876543209874,0.06060606060606061,17,1,
19,5,2132,1,0,245,3,48,0.6037735849056604,54,33,0.6111111111111112,1.0,10,1,
0,6,2132,2,11,245,1,48,0.4262295081967213,73,27,0.3698630136986301,1.0,0,1,
31,5,2132,1,8,245,2,48,0.544,72,28,0.3888888888888889,0.12903225806451613,23,1,
34,7,2132,1,8,245,5,48,0.41975308641975306,109,31,0.28440366972477066,0.08823529411764706,24,1,
35,4,2132,1,8,245,5,48,0.49624060150375937,88,27,0.3068181818181818,0.08571428571428572,26,1,
26,7,2132,1,8,245,7,48,0.44505494505494503,113,42,0.37168141592920356,0.07692307692307693,9,1,
19,5,2132,1,8,245,5,48,0.6410256410256411,59,37,0.6271186440677966,0.10526315789473684,7,1,
19,5,2132,1,8,245,3,48,0.6037735849056604,54,32,0.5925925925925926,0.21052631578947367,10,1,
18,5,2132,1,8,245,5,48,0.6481481481481481,56,36,0.6428571428571429,0.1111111111111111,8,1,
9,5,2132,1,8,245,2,48,0.6981132075471698,45,42,0.9333333333333333,0.2222222222222222,4,1,
14,5,2132,1,8,245,3,48,0.5779816513761468,58,29,0.5,0.21428571428571427,13,2,
14,5,2132,1,8,245,3,48,0.5688073394495413,58,29,0.5,0.14285714285714285,13,2,
32,5,2132,1,8,245,9,48,0.5725190839694656,78,29,0.3717948717948718,0.0625,18,1,
32,4,2132,1,12,245,9,48,0.6647727272727273,49,27,0.5510204081632653,0.234375,6,0,
15,5,2132,1,8,245,4,48,0.6571428571428571,51,35,0.6862745098039216,0.13333333333333333,7,1,
23,5,2132,1,8,245,5,48,0.6589147286821705,65,43,0.6615384615384615,0.13043478260869565,18,2,
57,11,2132,1,12,245,11,48,0.5929203539823009,207,86,0.41545893719806765,0.8947368421052632,20,1,
55,11,2132,1,8,245,13,48,0.6312684365781711,207,86,0.41545893719806765,0.07272727272727272,0,1,
57,11,2132,1,8,245,11,48,0.41297935103244837,207,86,0.41545893719806765,0.05263157894736842,20,1,
4,5,2132,1,8,245,1,48,0.7228915662650602,38,29,0.7631578947368421,0.5,2,1,
4,5,2132,1,8,245,1,48,0.7415730337078652,38,35,0.9210526315789473,0.5,2,1,
11,5,2132,1,12,245,1,48,0.7011494252873564,46,26,0.5652173913043478,0.36363636363636365,2,1,
11,5,2132,1,12,245,1,48,0.7011494252873564,46,26,0.5652173913043478,0.36363636363636365,2,1,
5,5,2132,1,8,245,1,48,0.7222222222222222,40,33,0.825,0.4,2,4,
13,5,2132,1,8,245,3,48,0.5952380952380952,57,44,0.7719298245614035,0.23076923076923078,7,1,
0,7,124,4,12,7,1,4,0.6354166666666666,151,23,0.152317880794702,1.0,0,1,
3,52,1822,2,8,267,1,36,0.9965397923875432,407,379,0.9312039312039312,0.6666666666666666,0,1,
7,52,1822,2,10,267,2,36,0.20645905420991925,407,379,0.9312039312039312,0.35714285714285715,0,1,
13,52,1822,2,0,267,1,36,0.3633217993079585,407,379,0.9312039312039312,1.0,0,1,
15,52,1822,2,0,267,2,36,0.28604382929642447,407,379,0.9312039312039312,1.0,0,1,
3,5,1822,1,8,267,1,36,0.6637168141592921,33,69,2.090909090909091,0.6666666666666666,0,1,
4,5,1822,1,8,267,1,36,0.5132743362831859,33,69,2.090909090909091,0.5,0,1,
15,38,1822,9,12,267,5,36,0.3888888888888889,496,234,0.4717741935483871,0.26666666666666666,0,1,
0,38,1822,9,19,267,1,36,0.7403381642512077,496,234,0.4717741935483871,1.0,0,1,
0,38,1822,9,5,267,1,36,0.8019323671497585,496,234,0.4717741935483871,1.0,0,1,
24,31,1822,1,20,267,5,36,0.21925566343042072,278,288,1.0359712230215827,0.22916666666666666,0,0,
13,31,1822,1,0,267,1,36,0.441747572815534,278,288,1.0359712230215827,1.0,0,1,
15,31,1822,1,0,267,2,36,0.3333333333333333,278,288,1.0359712230215827,1.0,0,1,
15,21,1822,3,12,267,5,36,0.5411471321695761,198,149,0.7525252525252525,0.26666666666666666,6,1,
0,3,2446,2,16,194,1,60,0.7142857142857143,75,39,0.52,1.0,0,1,
22,15,2446,2,20,194,5,60,0.9807692307692307,208,104,0.5,0.25,1,0,
13,8,2446,1,8,194,2,60,0.5510204081632653,103,28,0.27184466019417475,0.9230769230769231,15,1,
54,3,2446,1,16,194,16,60,0.9125,39,31,0.7948717948717948,0.2037037037037037,26,0,
25,2,2446,1,0,194,5,60,0.6814159292035398,64,34,0.53125,1.0,31,1,
26,11,2446,1,16,194,5,60,0.6538461538461539,157,82,0.5222929936305732,0.34615384615384615,14,1,
18,3,2446,1,8,194,4,60,0.8170731707317073,37,35,0.9459459459459459,0.16666666666666666,26,1,
10,3,2446,1,12,194,3,60,0.5432098765432098,39,34,0.8717948717948718,0.8,0,1,
17,3,2446,1,20,194,6,60,0.7283950617283951,39,34,0.8717948717948718,0.5294117647058824,0,1,
6,3,2446,1,12,194,2,60,0.9506172839506173,39,34,0.8717948717948718,0.5,3,1,
11,2,2446,1,12,194,3,60,0.6527777777777778,36,28,0.7777777777777778,0.8181818181818182,0,1,
17,2,2446,1,20,194,6,60,0.875,36,28,0.7777777777777778,0.5294117647058824,5,1,
19,9,2446,1,0,194,3,60,0.8504672897196262,144,50,0.3472222222222222,1.0,8,1,
12,8,2446,3,0,194,3,60,0.9711934156378601,172,39,0.22674418604651161,1.0,14,1,
6,21,518,1,0,68,1,8,0.6477732793522267,149,65,0.436241610738255,1.0,5,1,
4,21,518,1,8,68,1,8,0.5951417004048583,149,65,0.436241610738255,0.5,0,1,
11,21,518,1,8,68,3,8,0.5425101214574899,149,65,0.436241610738255,0.18181818181818182,0,1,
18,21,518,1,8,68,5,8,0.7368421052631579,149,65,0.436241610738255,0.2222222222222222,0,1,
6,21,518,1,8,68,1,8,0.6437246963562753,149,65,0.436241610738255,0.6666666666666666,5,1,
38,8,518,3,8,68,11,8,0.5379746835443038,216,40,0.18518518518518517,0.5,0,1,
54,8,518,3,8,68,9,8,0.7373417721518988,216,40,0.18518518518518517,0.42592592592592593,31,1,
27,15,3085,1,12,316,7,51,0.9457013574660633,144,40,0.2777777777777778,0.5185185185185185,20,1,
4,4,3085,1,8,316,1,51,0.5777777777777777,46,34,0.7391304347826086,0.75,0,1,
11,6,3085,1,0,316,1,51,0.6601941747572816,48,39,0.8125,1.0,7,1,
9,35,3085,2,8,316,1,51,0.8127208480565371,585,122,0.20854700854700856,0.7777777777777778,0,1,
46,35,3085,2,0,316,8,51,0.3050647820965842,585,122,0.20854700854700856,1.0,30,1,
3,4,3085,1,8,316,1,51,1.0982142857142858,26,20,0.7692307692307693,0.6666666666666666,0,0,
7,22,3085,1,8,316,3,51,0.1595744680851064,210,42,0.2,0.8571428571428571,0,1,
117,22,3085,1,0,316,1,51,0.49645390070921985,210,42,0.2,1.0,38,1,
37,9,3085,3,8,316,3,51,0.45689655172413796,141,49,0.3475177304964539,0.13513513513513514,41,1,
0,14,3085,6,0,316,1,51,0.8196286472148541,258,62,0.24031007751937986,1.0,0,1,
0,1,275,1,7,47,1,10,0.58,28,17,0.6071428571428571,1.0,0,1,
0,2,275,1,5,47,1,10,0.5,38,19,0.5,1.0,0,1,
0,25,275,3,6,47,1,10,0.25102880658436216,161,40,0.2484472049689441,1.0,0,1,
0,25,275,3,12,47,1,10,0.32098765432098764,161,40,0.2484472049689441,1.0,0,1,
0,1,275,1,5,47,1,10,0.6530612244897959,25,17,0.68,1.0,0,1,
0,15,275,1,5,47,1,10,0.18316831683168316,103,75,0.7281553398058253,1.0,0,1,
17,8,306,1,8,21,4,7,0.6967741935483871,105,32,0.3047619047619048,0.17647058823529413,18,1,
22,13,306,6,8,21,3,7,0.23383084577114427,288,51,0.17708333333333334,0.18181818181818182,0,1,
20,13,306,6,8,21,4,7,0.3283582089552239,288,51,0.17708333333333334,0.15,0,1,
0,13,306,6,14,21,1,7,0.39800995024875624,288,51,0.17708333333333334,1.0,0,1,
80,1,163,1,12,6,6,2,0.36153846153846153,98,20,0.20408163265306123,0.0875,93,1,
135,18,192,1,0,18,25,1,0.6501547987616099,248,37,0.14919354838709678,1.0,62,1,
36,10,75,1,20,10,8,1,0.7853107344632768,94,63,0.6702127659574468,0.3888888888888889,23,2,
33,10,596,3,8,45,9,6,0.3925233644859813,152,33,0.21710526315789475,0.06060606060606061,34,1,
48,33,1622,4,12,218,9,23,0.6970260223048327,329,150,0.45592705167173253,0.25,0,1,
20,33,1622,4,12,218,3,23,0.6356877323420075,329,150,0.45592705167173253,0.4,0,1,
0,33,1622,4,7,218,1,23,0.13011152416356878,329,150,0.45592705167173253,1.0,0,1,
3,18,1622,1,8,218,1,23,1.6730769230769231,75,25,0.3333333333333333,0.6666666666666666,0,0,
0,18,1622,1,4,218,1,23,0.4076923076923077,75,25,0.3333333333333333,1.0,0,1,
48,27,1622,3,0,218,17,23,0.4817204301075269,314,104,0.33121019108280253,1.0,0,1,
0,27,1622,3,9,218,1,23,0.12043010752688173,314,104,0.33121019108280253,1.0,0,1,
0,23,1622,1,4,218,1,23,0.22140221402214022,107,125,1.1682242990654206,1.0,0,1,
51,30,1622,1,0,218,10,23,0.4556354916067146,275,88,0.32,1.0,0,1,
19,30,1622,1,0,218,4,23,0.3932853717026379,275,88,0.32,1.0,0,1,
0,30,1622,1,7,218,1,23,0.14148681055155876,275,88,0.32,1.0,0,1,
0,9,1622,1,4,218,1,23,0.4387755102040816,39,43,1.1025641025641026,1.0,0,1,
32,18,1622,1,0,218,6,23,0.4840989399293286,163,87,0.5337423312883436,1.0,0,1,
16,18,1622,1,0,218,3,23,0.38869257950530034,163,87,0.5337423312883436,1.0,0,1,
0,18,1622,1,7,218,1,23,0.17667844522968199,163,87,0.5337423312883436,1.0,0,1,
49,6,1622,1,0,218,8,23,0.8255813953488372,95,60,0.631578947368421,1.0,16,1,
0,7,1622,3,15,218,1,23,0.4489795918367347,105,22,0.20952380952380953,1.0,0,1,
9,11,725,1,8,57,1,9,0.5235849056603774,144,22,0.1527777777777778,0.4444444444444444,0,1,
0,11,725,1,5,57,1,9,0.2358490566037736,144,22,0.1527777777777778,1.0,0,1,
15,14,725,3,8,57,2,9,0.3127035830618892,208,53,0.2548076923076923,0.2,0,1,
17,14,725,3,8,57,3,9,0.4201954397394137,208,53,0.2548076923076923,0.23529411764705882,20,1,
10,8,725,2,8,57,1,9,0.9096045197740112,120,34,0.2833333333333333,0.3,13,1,
35,18,725,1,8,57,6,9,0.7358490566037735,358,108,0.3016759776536313,0.08571428571428572,0,1,
21,18,725,1,8,57,1,9,0.32075471698113206,358,108,0.3016759776536313,0.09523809523809523,0,1,
15,18,725,1,0,57,2,9,0.8754716981132076,358,108,0.3016759776536313,1.0,10,1,
10,11,1173,4,8,89,2,11,0.3115468409586057,323,65,0.20123839009287925,0.5,0,1,
8,11,1173,4,8,89,1,11,0.2570806100217865,323,65,0.20123839009287925,0.375,11,1,
7,7,1173,1,8,89,1,11,0.5179856115107914,76,42,0.5526315789473685,0.42857142857142855,0,1,
11,7,1173,1,8,89,1,11,0.6474820143884892,76,42,0.5526315789473685,0.2727272727272727,7,1,
9,15,1173,1,8,89,1,11,0.7330210772833724,303,65,0.2145214521452145,0.3333333333333333,9,1,
0,7,556,1,10,76,1,9,0.21940928270042195,200,22,0.11,1.0,0,1,
0,17,556,1,4,76,1,9,0.14516129032258066,88,127,1.4431818181818181,1.0,0,1,
0,8,556,1,5,76,1,9,0.4713375796178344,62,76,1.2258064516129032,1.0,0,1,
0,9,556,1,6,76,1,9,0.272108843537415,91,35,0.38461538461538464,1.0,0,1,
0,16,556,1,7,76,1,9,0.1638655462184874,168,28,0.16666666666666666,1.0,0,1,
5,13,311,1,8,36,2,4,0.3786008230452675,155,44,0.2838709677419355,0.6,1,1,
10,7,311,1,8,36,8,4,0.9370629370629371,84,31,0.36904761904761907,0.2,0,1,
10,7,311,1,8,36,9,4,0.7342657342657343,84,31,0.36904761904761907,0.3,13,1,
6,17,873,1,8,62,1,21,0.7040816326530612,244,109,0.44672131147540983,0.6666666666666666,0,1,
0,2,873,4,0,62,1,21,0.49693251533742333,106,42,0.39622641509433965,1.0,0,1,
3,6,873,1,8,62,1,21,6.402597402597403,31,33,1.064516129032258,0.6666666666666666,0,0,
30,4,1824,1,0,187,6,19,0.8742138364779874,65,76,1.1692307692307693,1.0,10,1,
92,21,1824,1,14,187,21,19,0.3056768558951965,284,133,0.46830985915492956,0.3423913043478261,0,0,
46,21,1824,1,0,187,11,19,0.3296943231441048,284,133,0.46830985915492956,1.0,0,1,
3,21,1824,1,8,187,1,19,0.9432314410480349,284,133,0.46830985915492956,0.6666666666666666,0,1,
12,21,1824,1,16,187,3,19,0.517467248908297,284,133,0.46830985915492956,0.4166666666666667,17,1,
22,15,1824,2,0,187,4,19,0.6941747572815534,423,149,0.35224586288416077,1.0,0,1,
13,15,1824,2,12,187,2,19,0.7346278317152104,423,149,0.35224586288416077,0.38461538461538464,0,1,
222,15,1824,2,18,187,53,19,0.3187702265372168,423,149,0.35224586288416077,0.15765765765765766,62,0,
111,15,1824,2,0,187,27,19,0.33980582524271846,423,149,0.35224586288416077,1.0,62,1,
111,15,1824,2,0,187,27,19,0.41585760517799353,423,149,0.35224586288416077,1.0,62,1,
111,15,1824,2,20,187,27,19,0.33495145631067963,423,149,0.35224586288416077,0.3963963963963964,62,1,
43,83,1824,7,32,187,8,19,0.4160679294578707,1073,280,0.26095060577819196,0.627906976744186,0,1,
3,83,1824,7,8,187,1,19,0.23350751143043763,1073,280,0.26095060577819196,0.6666666666666666,0,0,
16,83,1824,7,0,187,6,19,0.45068582625734815,1073,280,0.26095060577819196,1.0,0,1,
22,83,1824,7,0,187,5,19,0.9666884389288047,1073,280,0.26095060577819196,1.0,0,1,
17,83,1824,7,0,187,5,19,0.9065969954278249,1073,280,0.26095060577819196,1.0,0,1,
71,83,1824,7,0,187,15,19,0.7648595689092097,1073,280,0.26095060577819196,1.0,0,1,
22,83,1824,7,0,187,5,19,0.9732201175702155,1073,280,0.26095060577819196,1.0,0,1,
168,83,1824,7,24,187,52,19,0.36033093838449815,1073,280,0.26095060577819196,0.10714285714285714,0,0,
0,83,1824,7,15,187,1,19,0.5538863487916394,1073,280,0.26095060577819196,1.0,0,1,
0,83,1824,7,15,187,1,19,0.573481384715872,1073,280,0.26095060577819196,1.0,0,1,
0,83,1824,7,15,187,1,19,0.5937295885042456,1073,280,0.26095060577819196,1.0,0,1,
35,3,1824,1,0,187,11,19,0.7692307692307693,62,33,0.532258064516129,1.0,24,1,
23,35,606,1,8,35,2,1,0.32175689479060265,720,121,0.16805555555555557,0.17391304347826086,0,1,
0,35,606,1,7,35,1,1,0.08682328907048008,720,121,0.16805555555555557,1.0,0,1,
0,21,4342,1,7,384,1,52,0.19047619047619047,184,140,0.7608695652173914,1.0,0,1,
81,24,4342,1,0,384,15,52,0.5551401869158878,464,32,0.06896551724137931,1.0,59,1,
39,17,4342,5,0,384,7,52,0.22404844290657439,734,301,0.4100817438692098,1.0,0,0,
0,17,4342,5,20,384,1,52,0.19204152249134948,734,301,0.4100817438692098,1.0,0,1,
0,17,4342,5,20,384,1,52,0.19982698961937717,734,301,0.4100817438692098,1.0,0,1,
0,17,4342,5,0,384,1,52,0.9342560553633218,734,301,0.4100817438692098,1.0,0,1,
136,23,4342,10,0,384,25,52,0.23053892215568864,912,284,0.31140350877192985,1.0,0,1,
0,23,4342,10,26,384,1,52,0.36751497005988026,912,284,0.31140350877192985,1.0,0,1,
0,23,4342,10,16,384,1,52,0.48727544910179643,912,284,0.31140350877192985,1.0,0,1,
0,23,4342,10,0,384,1,52,0.7103293413173652,912,284,0.31140350877192985,1.0,0,1,
0,6,4342,1,4,384,1,52,0.38650306748466257,88,43,0.48863636363636365,1.0,0,1,
0,6,4342,1,4,384,1,52,0.3987730061349693,88,43,0.48863636363636365,1.0,0,1,
25,123,4342,7,0,384,9,52,0.795557799091368,1252,503,0.40175718849840253,1.0,0,1,
12,123,4342,7,8,384,1,52,0.4548207975769813,1252,503,0.40175718849840253,0.4166666666666667,0,1,
0,123,4342,7,35,384,1,52,0.6481574962140333,1252,503,0.40175718849840253,1.0,0,1,
51,13,4342,1,0,384,12,52,0.25109170305676853,262,150,0.5725190839694656,1.0,38,1,
51,13,4342,1,0,384,12,52,0.2445414847161572,262,150,0.5725190839694656,1.0,38,1,
3,15,4342,3,8,384,1,52,0.41909814323607425,260,58,0.2230769230769231,0.6666666666666666,0,0,
3,15,4342,3,6,384,1,52,0.4244031830238727,260,58,0.2230769230769231,0.8333333333333334,0,0,
0,15,4342,3,9,384,1,52,0.13262599469496023,260,58,0.2230769230769231,1.0,0,1,
0,15,4342,3,18,384,1,52,0.46949602122015915,260,58,0.2230769230769231,1.0,0,1,
3,35,4342,1,6,384,1,52,1.0,392,240,0.6122448979591837,0.8333333333333334,0,0,
24,35,4342,1,16,384,5,52,0.23333333333333334,392,240,0.6122448979591837,0.22916666666666666,0,0,
164,35,4342,1,0,384,28,52,0.8822695035460993,392,240,0.6122448979591837,1.0,0,1,
3,4,840,1,0,119,1,23,0.4939759036144578,50,26,0.52,1.0,0,1,
28,5,840,1,16,119,8,23,0.2490842490842491,156,88,0.5641025641025641,0.25,13,1,
5,5,840,2,0,119,2,23,0.91,48,40,0.8333333333333334,1.0,3,1,
0,17,840,1,6,119,1,23,0.1774891774891775,125,78,0.624,1.0,0,1,
0,16,840,1,4,119,1,23,0.26108374384236455,76,101,1.3289473684210527,1.0,0,1,
0,17,840,1,5,119,1,23,0.1864406779661017,103,111,1.0776699029126213,1.0,0,1,
19,19,840,1,0,119,2,23,0.9846153846153847,210,141,0.6714285714285714,1.0,0,1,
19,19,840,1,16,119,5,23,0.7615384615384615,210,141,0.6714285714285714,0.5789473684210527,11,1,
6,17,574,1,12,114,2,10,0.36629213483146067,187,219,1.1711229946524064,0.5,0,1,
9,17,574,1,12,114,3,10,0.45617977528089887,187,219,1.1711229946524064,0.3333333333333333,0,1,
6,17,574,1,12,114,2,10,0.3325842696629214,187,219,1.1711229946524064,0.5,0,1,
9,17,574,1,12,114,3,10,0.4044943820224719,187,219,1.1711229946524064,0.3333333333333333,13,1,
6,15,574,1,8,114,1,10,0.6769911504424779,130,75,0.5769230769230769,0.6666666666666666,0,1,
12,15,574,1,8,114,3,10,0.39823008849557523,130,75,0.5769230769230769,0.5654761904761905,0,1,
31,15,574,1,16,114,6,10,0.7389380530973452,130,75,0.5769230769230769,0.1935483870967742,0,1,
6,15,574,1,12,114,2,10,0.9557522123893806,130,75,0.5769230769230769,0.6666666666666666,0,1,
31,15,574,1,12,114,6,10,0.7964601769911505,130,75,0.5769230769230769,0.41935483870967744,0,1,
3,15,574,1,8,114,1,10,0.36283185840707965,130,75,0.5769230769230769,0.6666666666666666,1,1,
6,6,574,1,8,114,1,10,0.3684210526315789,60,43,0.7166666666666667,0.5833333333333334,2,1,
3,25,574,1,8,114,1,10,0.8290598290598291,262,280,1.0687022900763359,0.6666666666666666,0,1,
25,25,574,1,0,114,4,10,0.8957264957264958,262,280,1.0687022900763359,1.0,0,1,
7,25,574,1,12,114,2,10,0.3641025641025641,262,280,1.0687022900763359,0.42857142857142855,0,1,
7,25,574,1,8,114,2,10,0.36923076923076925,262,280,1.0687022900763359,0.8571428571428571,0,1,
6,25,574,1,0,114,2,10,0.5743589743589743,262,280,1.0687022900763359,1.0,0,1,
0,25,574,1,4,114,1,10,0.1794871794871795,262,280,1.0687022900763359,1.0,0,1,
0,7,23,1,4,7,1,1,0.35833333333333334,31,77,2.4838709677419355,1.0,0,1,
10,12,120,1,8,12,1,1,0.9517857142857142,157,85,0.5414012738853503,0.35,0,0,
38,12,120,1,0,12,9,1,0.7392857142857143,157,85,0.5414012738853503,1.0,24,1,
50,15,404,1,8,38,13,4,0.7116704805491991,338,50,0.14792899408284024,0.06,0,1,
30,15,404,1,8,38,5,4,0.6338672768878718,338,50,0.14792899408284024,0.06666666666666667,35,1,
0,2,730,1,7,86,1,14,0.422680412371134,67,20,0.29850746268656714,1.0,0,1,
0,39,730,4,20,86,1,14,0.9297520661157025,443,231,0.5214446952595937,1.0,0,1,
0,39,730,4,25,86,1,14,0.9421487603305785,443,231,0.5214446952595937,1.0,0,1,
20,15,730,2,0,86,4,14,0.6786786786786787,152,144,0.9473684210526315,1.0,0,1,
12,15,730,2,0,86,2,14,0.3633633633633634,152,144,0.9473684210526315,1.0,11,1,
70,39,429,2,13,40,13,3,0.5440340909090909,503,131,0.26043737574552683,0.3619047619047619,0,0,
150,39,429,2,18,40,21,3,0.2372159090909091,503,131,0.26043737574552683,0.13,0,0,
35,39,429,2,16,40,7,3,0.5426136363636364,503,131,0.26043737574552683,0.6285714285714286,0,1,
0,39,429,2,17,40,1,3,0.515625,503,131,0.26043737574552683,1.0,0,1,
17,36,317,3,0,38,5,4,0.556640625,323,131,0.4055727554179567,1.0,7,1,
90,3,66,1,12,4,3,2,0.819327731092437,74,29,0.3918918918918919,0.37777777777777777,35,0,
33,4,256,1,0,26,4,4,0.4878048780487805,92,61,0.6630434782608695,1.0,18,1,
6,10,748,3,8,42,1,6,0.2655367231638418,230,68,0.2956521739130435,0.5,9,1,
28,14,748,1,8,42,1,6,0.6820512820512821,255,83,0.3254901960784314,0.10714285714285714,0,1,
5,14,748,1,8,42,1,6,0.4,255,83,0.3254901960784314,0.4,7,1,
24,9,748,1,8,42,1,6,0.7482517482517482,198,45,0.22727272727272727,0.125,0,1,
22,9,748,1,8,42,1,6,0.5034965034965035,198,45,0.22727272727272727,0.09090909090909091,44,1,
0,16,1232,1,5,180,1,12,0.1935483870967742,104,121,1.1634615384615385,1.0,0,1,
0,11,1232,1,5,180,1,12,0.27485380116959063,68,81,1.1911764705882353,1.0,0,1,
3,45,1232,1,8,180,1,12,0.8404255319148937,398,69,0.17336683417085427,0.6666666666666666,0,0,
3,45,1232,1,6,180,1,12,0.8625886524822695,398,69,0.17336683417085427,0.8333333333333334,0,0,
49,45,1232,1,0,180,10,12,0.3102836879432624,398,69,0.17336683417085427,1.0,0,1,
67,45,1232,1,0,180,14,12,0.6897163120567376,398,69,0.17336683417085427,1.0,38,1,
17,33,1232,1,8,180,1,12,0.6678635547576302,326,170,0.5214723926380368,0.4117647058823529,0,1,
12,33,1232,1,10,180,1,12,0.7073608617594255,326,170,0.5214723926380368,0.4166666666666667,0,1,
69,33,1232,1,0,180,8,12,0.3734290843806104,326,170,0.5214723926380368,1.0,41,1,
158,32,1232,1,0,180,25,12,0.3856858846918489,324,123,0.37962962962962965,1.0,36,0,
0,11,1000,1,4,87,1,5,0.3508771929824561,50,99,1.98,1.0,0,1,
0,17,1000,1,5,87,1,5,0.1937984496124031,112,121,1.0803571428571428,1.0,0,1,
5,7,82,1,8,14,1,2,0.7387387387387387,49,47,0.9591836734693877,0.6,8,1,
12,7,82,1,8,14,1,2,0.6926605504587156,59,35,0.5932203389830508,0.2916666666666667,10,0,
32,64,832,3,12,109,7,6,0.5109090909090909,677,278,0.41063515509601184,0.1875,0,1,
0,64,832,3,11,109,1,6,0.8818181818181818,677,278,0.41063515509601184,1.0,0,1,
0,64,832,3,14,109,1,6,0.8945454545454545,677,278,0.41063515509601184,1.0,0,1,
22,15,205,3,8,15,3,3,0.3641791044776119,240,31,0.12916666666666668,0.09090909090909091,0,1,
21,15,205,3,8,15,4,3,0.48059701492537316,240,31,0.12916666666666668,0.19047619047619047,25,1,
68,14,127,1,12,17,1,3,0.5729166666666666,96,22,0.22916666666666666,0.36764705882352944,25,0,
155,8,246,1,0,8,20,1,0.731829573934837,293,60,0.20477815699658702,1.0,133,1,
155,8,246,1,0,8,20,1,0.7418546365914787,293,60,0.20477815699658702,1.0,133,1,
155,8,246,1,0,8,20,1,0.5288220551378446,293,60,0.20477815699658702,1.0,133,1,
3,61,880,10,6,91,1,18,0.4528301886792453,712,290,0.40730337078651685,0.8333333333333334,0,0,
13,61,880,10,8,91,4,18,0.8284734133790738,712,290,0.40730337078651685,0.5384615384615384,0,1,
16,61,880,10,15,91,3,18,0.9210977701543739,712,290,0.40730337078651685,0.375,0,1,
12,61,880,10,12,91,2,18,0.4322469982847341,712,290,0.40730337078651685,0.5833333333333334,10,1,
23,9,415,1,0,81,1,5,0.45588235294117646,76,44,0.5789473684210527,1.0,0,1,
7,56,415,1,8,81,2,5,0.9118357487922706,383,346,0.9033942558746736,0.2857142857142857,0,1,
118,56,415,1,0,81,26,5,0.2318840579710145,383,346,0.9033942558746736,1.0,0,1,
22,56,415,1,8,81,5,5,0.3272946859903382,383,346,0.9033942558746736,0.09090909090909091,0,1,
13,56,415,1,8,81,4,5,0.8538647342995169,383,346,0.9033942558746736,0.15384615384615385,0,1,
7,56,415,1,8,81,2,5,0.8864734299516909,383,346,0.9033942558746736,0.2857142857142857,2,1,
6,6,415,1,12,81,2,5,0.9591836734693877,40,44,1.1,0.6666666666666666,1,1,
20,10,415,2,0,81,5,5,0.44966442953020136,80,53,0.6625,1.0,0,1,
0,10,415,2,25,81,1,5,0.3422818791946309,80,53,0.6625,1.0,0,1,
74,23,152,1,0,25,12,2,0.5657492354740061,186,88,0.4731182795698925,1.0,55,1,
15,15,159,1,8,15,1,1,0.5177304964539007,204,52,0.2549019607843137,0.2,0,1,
31,15,159,1,8,15,6,1,0.4078014184397163,204,52,0.2549019607843137,0.0967741935483871,34,1,
40,5,548,1,14,77,7,9,0.855072463768116,82,45,0.5487804878048781,0.3875,9,2,
21,41,548,2,0,77,4,9,0.6237113402061856,431,72,0.16705336426914152,1.0,9,1,
10,7,416,1,8,35,1,5,0.9419354838709677,115,17,0.14782608695652175,0.3,0,1,
10,7,416,1,8,35,1,5,0.864516129032258,115,17,0.14782608695652175,0.3,13,1,
10,7,416,1,8,35,1,5,0.948051948051948,114,17,0.14912280701754385,0.3,0,1,
10,7,416,1,8,35,1,5,0.8701298701298701,114,17,0.14912280701754385,0.3,13,1,
10,6,416,1,8,35,1,5,0.9459459459459459,100,29,0.29,0.3,0,1,
10,6,416,1,8,35,1,5,0.8648648648648649,100,29,0.29,0.3,14,1,
13,8,416,1,8,35,2,5,0.8947368421052632,115,20,0.17391304347826086,0.23076923076923078,0,1,
13,8,416,1,8,35,2,5,0.7960526315789473,115,20,0.17391304347826086,0.23076923076923078,28,1,
22,15,929,2,20,85,5,21,0.9793650793650793,218,71,0.3256880733944954,0.25,1,0,
4,7,929,1,8,85,1,21,0.4484848484848485,104,40,0.38461538461538464,0.5,0,1,
8,9,929,1,16,85,3,21,0.5526315789473685,78,20,0.2564102564102564,0.5,1,1,
54,3,929,1,16,85,16,21,0.9148148148148147,49,31,0.6326530612244898,0.2037037037037037,26,0,
19,3,929,1,0,85,4,21,0.6829268292682927,79,25,0.31645569620253167,1.0,0,1,
13,3,929,1,16,85,3,21,0.8699186991869918,79,25,0.31645569620253167,0.38461538461538464,5,1,
43,4,929,1,0,85,7,21,0.8120300751879699,89,28,0.3146067415730337,1.0,36,1,
3,28,343,1,8,56,1,4,0.6055045871559633,218,66,0.30275229357798167,0.6666666666666666,0,1,
5,28,343,1,8,56,1,4,0.4984709480122324,218,66,0.30275229357798167,0.8,0,1,
11,28,343,1,12,56,4,4,0.6850152905198776,218,66,0.30275229357798167,0.36363636363636365,0,1,
11,28,343,1,8,56,3,4,0.43425076452599387,218,66,0.30275229357798167,0.18181818181818182,0,1,
20,28,343,1,8,56,6,4,0.7584097859327217,218,66,0.30275229357798167,0.2,16,1,
3,12,114,1,8,44,1,7,0.7625,55,50,0.9090909090909091,0.6666666666666666,0,0,
3,12,114,1,8,44,1,7,0.8083333333333333,55,50,0.9090909090909091,0.6666666666666666,0,0,
5,7,47,1,8,7,1,1,0.970873786407767,61,26,0.4262295081967213,0.6,0,1,
5,7,47,1,8,7,1,1,0.9029126213592233,61,26,0.4262295081967213,0.6,3,1,
48,3,1221,2,16,133,9,21,0.18362282878411912,256,89,0.34765625,0.125,0,1,
0,3,1221,2,0,133,1,21,0.9069478908188585,256,89,0.34765625,1.0,0,0,
0,36,1221,4,10,133,1,21,0.5406427221172023,301,131,0.43521594684385384,1.0,0,1,
0,36,1221,4,11,133,1,21,0.5138626339004411,301,131,0.43521594684385384,1.0,0,1,
86,36,1221,4,0,133,17,21,0.43100189035916825,301,131,0.43521594684385384,1.0,0,0,
0,36,1221,4,6,133,1,21,0.11153119092627599,301,131,0.43521594684385384,1.0,0,1,
0,36,1221,4,24,133,1,21,0.6994328922495274,301,131,0.43521594684385384,1.0,0,1,
0,4,1221,1,4,133,1,21,0.6111111111111112,25,19,0.76,1.0,0,1,
0,4,1221,1,6,133,1,21,0.40425531914893614,40,43,1.075,1.0,0,1,
77,34,1221,4,0,133,12,21,0.5379113018597997,459,169,0.3681917211328976,1.0,0,1,
0,34,1221,4,8,133,1,21,0.09728183118741059,459,169,0.3681917211328976,1.0,0,1,
18,34,1221,4,12,133,5,21,0.43061516452074394,459,169,0.3681917211328976,0.16666666666666666,0,1,
22,34,1221,4,12,133,4,21,0.4678111587982833,459,169,0.3681917211328976,0.3181818181818182,0,1,
22,34,1221,4,16,133,4,21,0.463519313304721,459,169,0.3681917211328976,0.18181818181818182,0,1,
0,18,1221,3,6,133,1,21,0.17073170731707318,168,79,0.47023809523809523,1.0,0,1,
14,18,1221,3,12,133,5,21,0.445993031358885,168,79,0.47023809523809523,0.7857142857142857,2,1,
14,18,1221,3,0,133,5,21,0.42160278745644597,168,79,0.47023809523809523,1.0,2,1,
28,18,1221,3,16,133,9,21,0.4355400696864111,168,79,0.47023809523809523,0.26785714285714285,2,0,
0,12,1221,3,7,133,1,21,0.18181818181818182,215,138,0.641860465116279,1.0,0,1,
7,12,1221,3,12,133,1,21,0.3181818181818182,215,138,0.641860465116279,0.7142857142857143,0,1,
35,12,1221,3,12,133,11,21,0.9116161616161617,215,138,0.641860465116279,0.11428571428571428,0,1,
11,12,1221,3,12,133,2,21,0.8762626262626263,215,138,0.641860465116279,0.8181818181818182,0,1,
4,7,164,1,8,23,1,3,0.5825242718446602,50,38,0.76,0.75,0,1,
4,7,164,1,8,23,1,3,0.7864077669902912,50,38,0.76,0.75,7,1,
0,9,191,2,13,21,1,4,0.6597222222222222,99,24,0.24242424242424243,1.0,0,1,
25,7,145,6,8,7,7,6,0.3803921568627451,178,36,0.20224719101123595,0.12,0,1,
7,7,145,6,8,7,1,6,0.5372549019607843,178,36,0.20224719101123595,0.42857142857142855,9,1,
25,5,1728,4,12,310,2,33,0.9069767441860465,127,31,0.2440944881889764,0.28,0,1,
13,5,1728,4,8,310,1,33,0.7616279069767442,127,31,0.2440944881889764,0.15384615384615385,0,1,
64,5,1728,4,8,310,7,33,0.42441860465116277,127,31,0.2440944881889764,0.046875,26,1,
0,9,1728,1,6,310,1,33,0.291044776119403,84,32,0.38095238095238093,1.0,0,1,
0,5,1728,1,5,310,1,33,0.47297297297297297,42,20,0.47619047619047616,1.0,0,1,
0,6,1728,1,5,310,1,33,0.38823529411764707,51,20,0.39215686274509803,1.0,0,1,
12,113,1728,3,0,310,2,33,0.5249097472924188,673,524,0.7786032689450223,1.0,0,1,
10,113,1728,3,0,310,1,33,0.48736462093862815,673,524,0.7786032689450223,1.0,0,1,
13,113,1728,3,0,310,1,33,0.5018050541516246,673,524,0.7786032689450223,1.0,0,1,
3,113,1728,3,8,310,1,33,0.5133574007220216,673,524,0.7786032689450223,0.6666666666666666,0,1,
3,113,1728,3,8,310,1,33,0.21913357400722022,673,524,0.7786032689450223,0.6666666666666666,0,1,
19,72,1728,1,12,310,6,33,0.6223277909738717,499,161,0.3226452905811623,0.631578947368421,37,2,
54,1,1728,1,0,310,16,33,0.9,62,28,0.45161290322580644,1.0,21,1,
0,10,1728,1,5,310,1,33,0.25675675675675674,68,57,0.8382352941176471,1.0,0,1,
42,18,1233,4,0,81,9,14,0.5499561787905346,759,263,0.3465085638998682,1.0,0,0,
159,18,1233,4,0,81,31,14,0.14636283961437335,759,263,0.3465085638998682,1.0,66,1,
9,28,1233,4,12,81,3,14,0.865625,391,190,0.4859335038363171,0.7777777777777778,0,1,
9,28,1233,4,12,81,3,14,0.884375,391,190,0.4859335038363171,0.7777777777777778,0,1,
4,28,1233,4,0,81,1,14,0.1609375,391,190,0.4859335038363171,1.0,0,1,
4,28,1233,4,0,81,1,14,0.140625,391,190,0.4859335038363171,1.0,0,1,
0,28,1233,4,14,81,1,14,0.1328125,391,190,0.4859335038363171,1.0,0,1,
14,7,1233,1,8,81,4,14,0.8294573643410853,78,38,0.48717948717948717,0.2857142857142857,7,1,
40,5,788,1,8,84,6,14,0.7175572519083969,87,34,0.39080459770114945,0.275,24,1,
12,30,240,2,12,30,3,2,0.7422303473491774,309,195,0.6310679611650486,0.75,0,1,
12,30,240,2,12,30,3,2,0.7952468007312614,309,195,0.6310679611650486,0.75,0,1,
3,30,240,2,8,30,1,2,0.23948811700182815,309,195,0.6310679611650486,0.6666666666666666,0,0,
24,30,240,2,16,30,5,2,0.9021937842778793,309,195,0.6310679611650486,0.2708333333333333,5,0,
3,5,1428,1,8,157,1,29,0.9696969696969697,33,23,0.696969696969697,0.6666666666666666,0,1,
10,17,1428,5,0,157,1,29,0.7380191693290735,244,38,0.1557377049180328,1.0,1,1,
0,20,1428,1,7,157,1,29,0.18007662835249041,342,130,0.38011695906432746,1.0,0,1,
8,13,1428,1,12,157,2,29,0.9722222222222222,83,42,0.5060240963855421,0.625,4,1,
24,20,1428,1,0,157,7,29,0.31346578366445915,262,134,0.5114503816793893,1.0,4,1,
0,22,1103,1,4,289,1,23,0.20930232558139536,125,104,0.832,1.0,0,1,
0,21,1103,1,4,289,1,23,0.31125827814569534,95,26,0.2736842105263158,1.0,0,1,
0,21,1103,1,4,289,1,23,0.36423841059602646,95,26,0.2736842105263158,1.0,0,1,
3,18,1103,1,8,289,1,23,0.31063829787234043,137,75,0.5474452554744526,0.6666666666666666,0,1,
0,28,6525,1,5,719,1,99,0.11498257839721254,166,80,0.4819277108433735,1.0,0,1,
0,14,1103,1,4,289,1,23,0.44,54,27,0.5,1.0,0,1,
0,19,1103,1,4,289,1,23,0.18141592920353983,117,73,0.6239316239316239,1.0,0,1,
0,29,1103,1,4,289,1,23,0.15018315018315018,154,73,0.474025974025974,1.0,0,1,
4,29,1103,1,8,289,1,23,0.4908424908424908,154,73,0.474025974025974,0.75,0,2,
0,15,1397,1,4,204,1,26,0.23178807947019867,70,60,0.8571428571428571,1.0,0,1,
12,27,847,1,0,233,2,18,0.644927536231884,277,101,0.36462093862815886,1.0,0,1,
17,27,847,1,0,233,3,18,0.7536231884057971,277,101,0.36462093862815886,1.0,0,1,
29,27,847,1,0,233,6,18,0.8357487922705314,277,101,0.36462093862815886,1.0,15,1,
6,23,847,1,12,233,2,18,0.3789954337899543,138,50,0.36231884057971014,0.5,0,1,
5,23,847,1,12,233,2,18,0.410958904109589,138,50,0.36231884057971014,0.6,0,1,
5,23,847,1,12,233,2,18,0.3242009132420091,138,50,0.36231884057971014,0.6,0,1,
5,23,847,1,12,233,2,18,0.3515981735159817,138,50,0.36231884057971014,0.6,0,1,
14,23,847,1,0,233,2,18,0.6940639269406392,138,50,0.36231884057971014,1.0,7,1,
15,19,847,1,0,233,2,18,0.711864406779661,118,33,0.2796610169491525,1.0,8,1,
0,27,1397,1,4,204,1,26,0.16412213740458015,115,104,0.9043478260869565,1.0,0,1,
27,3,1397,1,0,204,10,26,0.6608695652173913,70,37,0.5285714285714286,1.0,0,1,
0,4,1397,1,5,204,1,26,0.5454545454545454,35,21,0.6,1.0,0,1,
10,18,1397,1,8,204,1,26,0.5521739130434783,110,88,0.8,0.9,0,1,
10,18,1397,1,8,204,1,26,0.41739130434782606,110,88,0.8,0.9,0,2,
0,41,1397,4,9,204,1,26,0.07243243243243243,638,195,0.3056426332288401,1.0,0,1,
14,30,1397,2,16,204,3,26,0.7115716753022453,338,181,0.5355029585798816,0.35714285714285715,0,1,
20,30,1397,2,16,204,4,26,0.6632124352331606,338,181,0.5355029585798816,0.25,8,1,
4,12,303,1,8,33,1,4,0.9510869565217391,133,19,0.14285714285714285,0.75,1,1,
0,3,303,1,4,33,1,4,0.6666666666666666,20,17,0.85,1.0,0,1,
0,3,303,1,4,33,1,4,0.6666666666666666,20,17,0.85,1.0,0,1,
0,1,456,1,8,66,1,20,0.49122807017543857,34,18,0.5294117647058824,1.0,0,1,
0,2,456,1,6,66,1,20,0.4307692307692308,37,21,0.5675675675675675,1.0,0,1,
0,8,456,1,4,66,1,20,0.3482142857142857,36,60,1.6666666666666667,1.0,0,1,
0,2,456,1,3,66,1,20,0.7209302325581395,14,23,1.6428571428571428,1.0,0,1,
0,1,456,1,8,66,1,20,0.543859649122807,32,18,0.5625,1.0,0,1,
0,6,456,1,10,66,1,20,0.07948717948717948,324,56,0.1728395061728395,1.0,0,1,
0,4,456,1,4,66,1,20,0.6231884057971014,24,34,1.4166666666666667,1.0,0,1,
0,14,456,2,7,66,1,20,0.14642857142857144,135,113,0.837037037037037,1.0,0,1,
0,2,456,1,3,66,1,20,0.7045454545454546,14,23,1.6428571428571428,1.0,0,1,
10,13,195,1,8,44,1,6,0.4897435897435897,86,77,0.8953488372093024,0.35,9,0,
4,8,195,1,8,44,1,6,0.7686567164179104,60,56,0.9333333333333333,0.75,0,1,
4,8,195,1,8,44,1,6,0.6865671641791045,60,56,0.9333333333333333,0.75,7,1,
0,7,2593,1,7,345,1,48,0.33088235294117646,100,21,0.21,1.0,0,1,
38,2,2593,2,8,345,4,48,0.6,74,23,0.3108108108108108,0.6842105263157895,0,1,
4,2,2593,2,0,345,1,48,0.7478260869565218,74,23,0.3108108108108108,1.0,3,1,
0,21,2593,1,6,345,1,48,0.13167259786476868,180,64,0.35555555555555557,1.0,0,1,
6,15,2593,1,12,345,2,48,0.4307116104868914,187,51,0.2727272727272727,0.5,0,1,
26,4,2593,1,0,345,4,48,0.7319587628865979,64,22,0.34375,1.0,0,1,
3,4,2593,1,8,345,1,48,0.4742268041237113,64,22,0.34375,0.6666666666666666,0,1,
9,69,2593,3,0,345,2,48,0.9970479704797048,706,555,0.7861189801699717,1.0,0,1,
11,69,2593,3,0,345,2,48,0.5911439114391144,706,555,0.7861189801699717,1.0,0,1,
11,69,2593,3,12,345,2,48,0.625830258302583,706,555,0.7861189801699717,0.36363636363636365,0,1,
20,69,2593,3,16,345,5,48,0.6103321033210332,706,555,0.7861189801699717,0.6,0,1,
29,69,2593,3,16,345,5,48,0.45830258302583027,706,555,0.7861189801699717,0.2413793103448276,0,1,
4,69,2593,3,8,345,1,48,0.9859778597785978,706,555,0.7861189801699717,0.5,0,1,
29,69,2593,3,12,345,5,48,0.47158671586715867,706,555,0.7861189801699717,0.9310344827586207,0,1,
20,69,2593,3,0,345,5,48,0.6118081180811809,706,555,0.7861189801699717,1.0,0,1,
0,1,2593,2,8,345,1,48,0.6790123456790124,51,20,0.39215686274509803,1.0,0,1,
122,13,2593,2,0,345,35,48,0.6469465648854962,170,67,0.3941176470588235,1.0,0,0,
0,13,2593,2,10,345,1,48,0.24427480916030533,170,67,0.3941176470588235,1.0,0,1,
0,6,2593,3,16,345,1,48,0.2822966507177033,207,173,0.8357487922705314,1.0,0,1,
0,2,2593,1,0,345,1,48,0.6262626262626263,66,28,0.42424242424242425,1.0,0,1,
0,11,2593,1,12,345,1,48,0.6688311688311688,154,115,0.7467532467532467,1.0,0,1,
0,11,2593,1,12,345,1,48,0.6672077922077922,154,115,0.7467532467532467,1.0,0,1,
0,11,2593,1,12,345,1,48,0.6655844155844156,154,115,0.7467532467532467,1.0,0,1,
39,11,2593,1,0,345,5,48,0.4448051948051948,154,115,0.7467532467532467,1.0,0,1,
38,11,2593,1,0,345,5,48,0.7305194805194806,154,115,0.7467532467532467,1.0,17,1,
15,14,2593,3,0,345,1,48,0.9889135254988913,273,151,0.5531135531135531,1.0,9,1,
13,11,118,1,12,11,4,1,0.9874213836477987,152,136,0.8947368421052632,0.8461538461538461,3,1,
0,6,6525,2,7,719,1,99,0.3114754098360656,81,21,0.25925925925925924,1.0,0,1,
3,37,6525,1,8,719,1,99,0.42201834862385323,265,105,0.39622641509433965,0.6666666666666666,0,1,
3,37,6525,1,8,719,1,99,0.4380733944954128,265,105,0.39622641509433965,0.6666666666666666,0,1,
3,37,6525,1,8,719,1,99,0.28211009174311924,265,105,0.39622641509433965,0.6666666666666666,0,1,
3,37,6525,1,8,719,1,99,0.3555045871559633,265,105,0.39622641509433965,0.6666666666666666,0,1,
3,37,6525,1,8,719,1,99,0.33715596330275227,265,105,0.39622641509433965,0.6666666666666666,1,2,
0,5,6525,1,6,719,1,99,0.3875,49,21,0.42857142857142855,1.0,0,1,
0,6,6525,1,4,719,1,99,0.367816091954023,50,23,0.46,1.0,0,1,
0,9,6525,3,8,719,1,99,0.2571428571428571,132,22,0.16666666666666666,1.0,0,1,
0,28,6525,1,5,719,1,99,0.11498257839721254,166,80,0.4819277108433735,1.0,0,1,
0,13,6525,2,5,719,1,99,0.20164609053497942,115,95,0.8260869565217391,1.0,0,1,
0,28,6525,1,5,719,1,99,0.11498257839721254,166,80,0.4819277108433735,1.0,0,1,
0,5,6525,1,5,719,1,99,0.48484848484848486,33,24,0.7272727272727273,1.0,0,1,
0,20,6525,2,5,719,1,99,0.12284482758620689,233,162,0.6952789699570815,1.0,0,1,
0,5,6525,1,5,719,1,99,0.48484848484848486,33,24,0.7272727272727273,1.0,0,1,
0,5,6525,1,5,719,1,99,0.45454545454545453,44,21,0.4772727272727273,1.0,0,1,
3,19,6525,1,8,719,1,99,0.37453183520599254,159,79,0.4968553459119497,0.6666666666666666,0,1,
3,19,6525,1,8,719,1,99,0.4344569288389513,159,79,0.4968553459119497,0.6666666666666666,0,1,
3,19,6525,1,8,719,1,99,0.449438202247191,159,79,0.4968553459119497,0.6666666666666666,1,2,
4,17,6525,2,8,719,1,99,0.7956043956043956,307,88,0.28664495114006516,0.75,0,1,
15,17,6525,2,8,719,2,99,0.8461538461538461,307,88,0.28664495114006516,0.2,0,1,
19,17,6525,2,16,719,3,99,0.7362637362637363,307,88,0.28664495114006516,0.3157894736842105,0,1,
7,17,6525,2,12,719,2,99,0.2549450549450549,307,88,0.28664495114006516,0.42857142857142855,0,1,
0,17,6525,2,6,719,1,99,0.14285714285714285,307,88,0.28664495114006516,1.0,0,1,
0,17,6525,2,0,719,1,99,0.2813186813186813,307,88,0.28664495114006516,1.0,0,1,
0,11,6525,1,4,719,1,99,0.2535885167464115,129,46,0.35658914728682173,1.0,0,1,
0,11,6525,1,4,719,1,99,0.23923444976076555,129,46,0.35658914728682173,1.0,0,1,
0,15,6525,1,4,719,1,99,0.2564102564102564,112,50,0.44642857142857145,1.0,0,1,
3,17,6525,1,8,719,1,99,0.8984375,67,39,0.582089552238806,0.6666666666666666,0,1,
3,17,6525,1,8,719,1,99,0.80859375,67,39,0.582089552238806,0.6666666666666666,0,0,
3,17,6525,1,8,719,1,99,0.83984375,67,39,0.582089552238806,0.6666666666666666,0,0,
3,17,6525,1,8,719,1,99,0.87109375,67,39,0.582089552238806,0.6666666666666666,0,0,
0,21,6525,1,4,719,1,99,0.31868131868131866,88,60,0.6818181818181818,1.0,0,1,
13,12,6525,2,8,719,1,99,0.8875968992248062,165,58,0.3515151515151515,0.15384615384615385,0,1,
0,12,6525,2,13,719,1,99,0.5930232558139535,165,58,0.3515151515151515,1.0,0,1,
6,16,6525,1,0,719,2,99,0.5390070921985816,177,63,0.3559322033898305,1.0,4,1,
0,3,6525,1,5,719,1,99,0.4827586206896552,29,20,0.6896551724137931,1.0,0,1,
0,4,6525,4,7,719,1,99,0.2389937106918239,88,46,0.5227272727272727,1.0,0,1,
0,2,6525,1,4,719,1,99,0.6097560975609756,14,21,1.5,1.0,0,1,
0,4,6525,1,8,719,1,99,0.23728813559322035,76,23,0.3026315789473684,1.0,0,1,
6,15,6525,1,0,719,2,99,0.6274509803921569,160,58,0.3625,1.0,4,1,
0,3,6525,1,5,719,1,99,0.5,22,21,0.9545454545454546,1.0,0,1,
0,6,6525,4,9,719,1,99,0.2,147,53,0.36054421768707484,1.0,0,1,
17,16,6525,1,0,719,2,99,0.49169435215946844,185,68,0.3675675675675676,1.0,0,1,
6,16,6525,1,0,719,2,99,0.6810631229235881,185,68,0.3675675675675676,1.0,4,1,
35,4,6525,1,0,719,7,99,0.6,63,42,0.6666666666666666,1.0,0,1,
3,33,6525,1,8,719,1,99,0.44844124700239807,254,97,0.38188976377952755,0.6666666666666666,0,1,
3,33,6525,1,8,719,1,99,0.46522781774580335,254,97,0.38188976377952755,0.6666666666666666,0,1,
3,33,6525,1,8,719,1,99,0.30455635491606714,254,97,0.38188976377952755,0.6666666666666666,0,1,
3,33,6525,1,8,719,1,99,0.36211031175059955,254,97,0.38188976377952755,0.6666666666666666,0,1,
3,33,6525,1,8,719,1,99,0.34292565947242204,254,97,0.38188976377952755,0.6666666666666666,1,1,
0,29,6525,3,8,719,1,99,0.07875647668393783,720,88,0.12222222222222222,1.0,0,1,
0,7,6525,1,4,719,1,99,0.4787234042553192,30,50,1.6666666666666667,1.0,0,1,
0,5,155,1,4,34,1,4,0.41379310344827586,20,31,1.55,1.0,0,1,
0,5,6525,1,4,719,1,99,0.5428571428571428,23,37,1.608695652173913,1.0,0,1,
97,15,6525,2,0,719,9,99,0.5117540687160941,383,72,0.18798955613577023,1.0,0,1,
5,15,6525,2,0,719,1,99,0.3707052441229656,383,72,0.18798955613577023,1.0,0,1,
18,15,6525,2,0,719,5,99,0.6582278481012658,383,72,0.18798955613577023,1.0,0,1,
16,15,6525,2,0,719,5,99,0.6148282097649186,383,72,0.18798955613577023,1.0,17,1,
39,11,6525,3,16,719,6,99,0.4440677966101695,200,50,0.25,0.41025641025641024,0,1,
11,11,6525,3,12,719,2,99,0.9355932203389831,200,50,0.25,0.7272727272727273,5,1,
39,11,6525,3,20,719,6,99,0.44745762711864406,200,50,0.25,0.4358974358974359,0,1,
11,11,6525,3,12,719,2,99,0.9322033898305084,200,50,0.25,0.6363636363636364,5,1,
18,7,6525,1,11,719,5,99,0.6568627450980392,104,68,0.6538461538461539,0.5317460317460317,4,1,
25,16,6525,1,8,719,7,99,0.772093023255814,228,158,0.6929824561403509,0.64,3,1,
20,15,6525,1,8,719,6,99,0.8529411764705882,80,26,0.325,0.2,0,1,
0,15,6525,1,4,719,1,99,0.21323529411764705,80,26,0.325,1.0,0,1,
0,15,6525,3,4,719,1,99,0.18840579710144928,223,42,0.18834080717488788,1.0,0,1,
0,15,6525,3,4,719,1,99,0.1826086956521739,223,42,0.18834080717488788,1.0,0,1,
0,4,6525,1,4,719,1,99,0.4520547945205479,44,19,0.4318181818181818,1.0,0,1,
0,4,6525,1,4,719,1,99,0.4794520547945205,44,19,0.4318181818181818,1.0,0,1,
99,29,6525,3,0,719,23,99,0.643378519290928,748,85,0.11363636363636363,1.0,0,1,
0,29,6525,3,0,719,1,99,0.10636079249217935,748,85,0.11363636363636363,1.0,0,0,
11,29,6525,3,8,719,3,99,0.5578727841501564,748,85,0.11363636363636363,0.9090909090909091,0,1,
0,29,6525,3,8,719,1,99,0.09801876955161627,748,85,0.11363636363636363,1.0,0,1,
0,7,6525,1,4,719,1,99,0.45454545454545453,32,41,1.28125,1.0,0,1,
0,28,6525,1,5,719,1,99,0.11498257839721254,166,80,0.4819277108433735,1.0,0,1,
22,9,6525,2,0,719,3,99,0.6750788643533123,153,132,0.8627450980392157,1.0,0,1,
0,9,6525,2,7,719,1,99,0.1892744479495268,153,132,0.8627450980392157,1.0,0,1,
0,28,6525,1,5,719,1,99,0.11498257839721254,166,80,0.4819277108433735,1.0,0,1,
22,9,6525,2,16,719,3,99,0.955719557195572,199,40,0.20100502512562815,0.4090909090909091,0,1,
0,9,6525,2,8,719,1,99,0.22878228782287824,199,40,0.20100502512562815,1.0,0,1,
0,20,2593,1,5,345,1,48,0.14225941422594143,118,81,0.6864406779661016,1.0,0,1,
0,8,6525,3,8,719,1,99,0.17647058823529413,251,38,0.15139442231075698,1.0,0,1,
48,14,6525,3,0,719,10,99,0.7427937915742794,312,81,0.25961538461538464,1.0,0,1,
0,14,6525,3,8,719,1,99,0.15521064301552107,312,81,0.25961538461538464,1.0,0,1,
7,11,6525,1,8,719,2,99,0.9339622641509434,101,81,0.801980198019802,0.42857142857142855,4,1,
0,19,472,5,8,71,1,11,0.1012396694214876,275,157,0.5709090909090909,1.0,0,1,
12,11,472,1,8,71,4,11,0.8333333333333334,164,77,0.4695121951219512,0.9166666666666666,0,1,
7,11,472,1,8,71,1,11,0.9397163120567376,164,77,0.4695121951219512,0.42857142857142855,0,1,
38,11,472,1,0,71,9,11,0.723404255319149,164,77,0.4695121951219512,1.0,24,1,
0,10,472,1,9,71,1,11,0.6003649635036497,48,76,1.5833333333333333,1.0,0,1,
0,10,472,1,9,71,1,11,0.5784671532846716,48,76,1.5833333333333333,1.0,0,1,
31,6,357,1,16,42,4,9,0.6187845303867403,99,54,0.5454545454545454,0.3225806451612903,20,1,
31,6,357,1,0,42,4,9,0.6408839779005525,99,54,0.5454545454545454,1.0,20,1,
31,6,357,1,24,42,4,9,0.6685082872928176,99,54,0.5454545454545454,0.6774193548387096,20,1,
3,6,357,1,8,42,1,9,0.7790055248618785,99,54,0.5454545454545454,0.6666666666666666,0,1,
62,6,357,1,20,42,7,9,0.6325966850828729,99,54,0.5454545454545454,0.20967741935483872,20,0,
29,5,357,1,16,42,5,9,0.7154471544715447,70,38,0.5428571428571428,0.20689655172413793,19,1,
11,15,120,4,8,17,2,5,0.8022284122562674,151,178,1.1788079470198676,0.36363636363636365,0,1,
10,15,120,4,8,17,2,5,0.7604456824512534,151,178,1.1788079470198676,0.2,5,1,
36,1,43,1,0,1,6,1,0.9270833333333334,57,22,0.38596491228070173,1.0,26,1,
21,37,741,1,0,147,5,9,0.5515759312320917,390,247,0.6333333333333333,1.0,0,1,
14,37,741,1,0,147,3,9,0.6361031518624641,390,247,0.6333333333333333,1.0,0,2,
13,37,741,1,0,147,3,9,0.6074498567335244,390,247,0.6333333333333333,1.0,0,2,
5,68,741,4,8,147,1,9,0.5837187789084182,419,570,1.360381861575179,0.6,0,1,
7,68,741,4,8,147,2,9,0.7502312673450509,419,570,1.360381861575179,0.8571428571428571,0,4,
4,68,741,4,8,147,1,9,0.7816836262719704,419,570,1.360381861575179,0.75,0,4,
5,22,741,1,8,147,1,9,0.3377777777777778,149,48,0.3221476510067114,0.6,0,1,
0,22,741,1,5,147,1,9,0.18222222222222223,149,48,0.3221476510067114,1.0,0,1,
4,11,741,1,8,147,1,9,0.8348623853211009,61,32,0.5245901639344263,0.5,0,1,
4,11,741,1,8,147,1,9,0.8990825688073395,61,32,0.5245901639344263,0.5,0,1,
4,11,741,1,8,147,1,9,0.963302752293578,61,32,0.5245901639344263,0.5,0,1,
0,11,741,1,5,147,1,9,0.3853211009174312,61,32,0.5245901639344263,1.0,0,1,
17,3,386,1,0,30,2,4,0.684931506849315,36,31,0.8611111111111112,1.0,8,1,
59,11,386,1,0,30,11,4,0.72265625,160,76,0.475,1.0,0,3,
34,33,904,8,12,171,8,27,0.8102710413694721,310,327,1.0548387096774194,0.8823529411764706,0,1,
3,33,904,8,6,171,1,27,0.7546362339514978,310,327,1.0548387096774194,0.8333333333333334,0,1,
0,33,904,8,9,171,1,27,0.920114122681883,310,327,1.0548387096774194,1.0,0,1,
0,33,904,8,12,171,1,27,0.8944365192582026,310,327,1.0548387096774194,1.0,0,1,
29,10,81,1,16,10,5,1,0.6746411483253588,107,85,0.794392523364486,0.27586206896551724,0,1,
19,10,81,1,16,10,3,1,0.5550239234449761,107,85,0.794392523364486,0.2631578947368421,4,1,
23,20,157,1,0,20,3,1,0.5094850948509485,198,134,0.6767676767676768,1.0,10,1,
23,20,157,1,12,20,3,1,0.5257452574525745,198,134,0.6767676767676768,0.6086956521739131,10,1,
23,20,157,1,12,20,3,1,0.5392953929539296,198,134,0.6767676767676768,0.8695652173913043,10,1,
44,16,448,4,20,46,9,6,0.30918727915194344,305,219,0.7180327868852459,0.2727272727272727,0,0,
26,16,448,4,8,46,7,6,0.976148409893993,305,219,0.7180327868852459,0.09615384615384616,14,0,
9,26,448,1,0,46,1,6,0.7524366471734892,246,230,0.9349593495934959,1.0,0,1,
9,26,448,1,0,46,1,6,0.797270955165692,246,230,0.9349593495934959,1.0,0,1,
36,26,448,1,0,46,10,6,0.6666666666666666,246,230,0.9349593495934959,1.0,0,1,
17,26,448,1,0,46,2,6,0.50682261208577,246,230,0.9349593495934959,1.0,6,1,
